Category,Title,Equation,Notes
Calculus,"Derivative Definition (Limit Definition)","f'(x) = \lim_{h \to 0} \frac{f(x+h) - f(x)}{h}","Defines the instantaneous rate of change of function f at point x. Fundamental to differential calculus, used in marginal analysis, optimization, and sensitivity calculations."
Calculus,"Power Rule","\frac{d}{dx}[x^n] = nx^{n-1}","Differentiates power functions where n is any real constant. Used extensively in utility functions, production functions, and cost curves."
Calculus,"Product Rule","\frac{d}{dx}[f(x)g(x)] = f'(x)g(x) + f(x)g'(x)","Differentiates the product of two functions. Critical for revenue (price × quantity), present value calculations, and compounded growth models."
Calculus,"Quotient Rule","\frac{d}{dx}\left[\frac{f(x)}{g(x)}\right] = \frac{f'(x)g(x) - f(x)g'(x)}{[g(x)]^2}","Differentiates the quotient of two functions where g(x) ≠ 0. Essential for ratios like P/E, debt-to-equity, and Sharpe ratio derivatives."
Calculus,"Chain Rule","\frac{d}{dx}[f(g(x))] = f'(g(x)) \cdot g'(x)","Differentiates composite functions. Fundamental for nested relationships in option pricing and utility of wealth models."
Calculus,"Exponential and Logarithmic Derivatives","\frac{d}{dx}[e^x] = e^x, \quad \frac{d}{dx}[\ln(x)] = \frac{1}{x}","Natural exponential is its own derivative. Fundamental in continuous compounding, log-returns, and growth models."
Calculus,"L'Hôpital's Rule","\lim_{x \to c} \frac{f(x)}{g(x)} = \lim_{x \to c} \frac{f'(x)}{g'(x)}","Evaluates indeterminate forms 0/0 or ∞/∞. Used in asymptotic analysis and limit pricing models."
Calculus,"Fundamental Theorem of Calculus (Part I)","\frac{d}{dx}\left[\int_a^x f(t)\,dt\right] = f(x)","Links differentiation and integration as inverse operations. Essential for cumulative distributions and wealth accumulation."
Calculus,"Fundamental Theorem of Calculus (Part II)","\int_a^b f(x)\,dx = F(b) - F(a)","Evaluates definite integrals using antiderivatives. Foundation for computing present values and expected values."
Calculus,"Integration by Parts","\int u\,dv = uv - \int v\,du","Integrates products of functions. Essential for option pricing expectation calculations and PDEs."
Calculus,"Taylor Series Expansion","f(x) = \sum_{n=0}^{\infty} \frac{f^{(n)}(a)}{n!}(x-a)^n","Approximates function near point a using derivatives. Used for delta-gamma approximations and linearization."
Calculus,"Maclaurin Series","f(x) = \sum_{n=0}^{\infty} \frac{f^{(n)}(0)}{n!}x^n","Taylor series centered at a = 0. Used in approximating option pricing formulas and probability distributions."
Calculus,"Gradient Vector","\nabla f = \left(\frac{\partial f}{\partial x_1}, \frac{\partial f}{\partial x_2}, \ldots, \frac{\partial f}{\partial x_n}\right)","Vector of partial derivatives pointing in direction of steepest ascent. Used in portfolio optimization and gradient descent."
Calculus,"Hessian Matrix","H(f) = \begin{bmatrix} \frac{\partial^2 f}{\partial x_1^2} & \cdots & \frac{\partial^2 f}{\partial x_1 \partial x_n} \\ \vdots & \ddots & \vdots \\ \frac{\partial^2 f}{\partial x_n \partial x_1} & \cdots & \frac{\partial^2 f}{\partial x_n^2} \end{bmatrix}","Symmetric matrix of second-order partial derivatives. Characterizes local curvature. Used for second-order optimization conditions."
Calculus,"Jacobian Matrix","J = \begin{bmatrix} \frac{\partial f_1}{\partial x_1} & \cdots & \frac{\partial f_1}{\partial x_n} \\ \vdots & \ddots & \vdots \\ \frac{\partial f_m}{\partial x_1} & \cdots & \frac{\partial f_m}{\partial x_n} \end{bmatrix}","Matrix of first-order partial derivatives for vector-valued functions. Used in change of variables and sensitivity analysis."
Calculus,"Implicit Function Theorem","F(x,y) = 0 \implies \frac{dy}{dx} = -\frac{\partial F/\partial x}{\partial F/\partial y}","Provides derivative of implicitly defined functions. Used in comparative statics and equilibrium analysis."
Calculus,"Leibniz Integral Rule","\frac{d}{dx}\left[\int_{a(x)}^{b(x)} f(x,t)\,dt\right] = \int_{a(x)}^{b(x)} \frac{\partial f}{\partial x}(x,t)\,dt + f(x,b(x))b'(x) - f(x,a(x))a'(x)","Differentiates integrals with variable limits. Essential for dynamic optimization and envelope theorems."
Calculus,"Lagrangian Multiplier Condition","\nabla f(x^*) = \lambda \nabla g(x^*)","First-order condition for constrained optimization. λ represents shadow price of constraint."
Calculus,"Euler-Lagrange Equation","\frac{\partial F}{\partial y} - \frac{d}{dx}\left(\frac{\partial F}{\partial y'}\right) = 0","Necessary condition for extremizing functionals in calculus of variations. Used in optimal control theory."
Calculus,"Mean Value Theorem","\frac{f(b) - f(a)}{b - a} = f'(c)","Guarantees existence of point where instantaneous rate equals average rate. Foundation for Taylor's theorem."
Calculus,"Partial Derivative","\frac{\partial f}{\partial x_i} = \lim_{h \to 0} \frac{f(x_1, \ldots, x_i + h, \ldots, x_n) - f(x_1, \ldots, x_i, \ldots, x_n)}{h}","Derivative with respect to one variable holding others constant. Essential for marginal analysis in economics."
Calculus,"Green's Theorem","\oint_C (L\,dx + M\,dy) = \iint_D \left(\frac{\partial M}{\partial x} - \frac{\partial L}{\partial y}\right) dA","Relates line integral around closed curve to double integral over enclosed region. Connects circulation to curl."
Calculus,"Stokes' Theorem","\int_S (\nabla \times \mathbf{F}) \cdot d\mathbf{S} = \oint_{\partial S} \mathbf{F} \cdot d\mathbf{r}","Generalizes Green's theorem to three dimensions. Relates surface integral of curl to line integral around boundary."
Calculus,"Divergence Theorem (Gauss's Theorem)","\iiint_V (\nabla \cdot \mathbf{F})\,dV = \iint_{\partial V} \mathbf{F} \cdot d\mathbf{S}","Relates volume integral of divergence to flux through boundary. Used in conservation laws and PDEs."
Calculus,"Integration by Substitution","\int f(g(x))g'(x)\,dx = \int f(u)\,du, \quad u = g(x)","Reverse of chain rule for integration. Essential for computing expectations with transformed variables."
Calculus,"Partial Integration (Multivariable)","\int_a^b \frac{\partial F}{\partial x}(x,y)\,dx = F(b,y) - F(a,y)","Extends fundamental theorem to partial derivatives. Used in solving PDEs like Black-Scholes."
Calculus,"Cauchy-Schwarz Inequality","\left|\int f(x)g(x)\,dx\right| \leq \sqrt{\int f(x)^2\,dx} \cdot \sqrt{\int g(x)^2\,dx}","Fundamental inequality for inner products. Foundation for correlation coefficient being in [-1,1]."
Calculus,"Convexity and Jensen's Inequality","f'(x)(y-x) \leq f(y) - f(x) \leq f'(y)(y-x), \quad f''(x) \geq 0","For convex f, function lies above tangent lines. Used in risk aversion analysis and portfolio optimization."
Calculus,"Envelope Theorem","\frac{dV(a)}{da} = \frac{\partial L(x^*(a), a)}{\partial a}","Derivative of value function equals partial derivative of Lagrangian at optimum. Used in comparative statics."
Calculus,"Intermediate Value Theorem","f(a) \leq k \leq f(b) \implies \exists c \in (a,b): f(c) = k","Continuous function attains all intermediate values. Guarantees existence of equilibria and roots."
Calculus,"Total Derivative","\frac{df}{dt} = \frac{\partial f}{\partial x}\frac{dx}{dt} + \frac{\partial f}{\partial y}\frac{dy}{dt}","Rate of change along a path. Chain rule for multivariable functions. Essential for dynamic models."
Microeconomics,"Budget Constraint","\sum_{i=1}^{n} p_i x_i \leq m","Total expenditure on all goods cannot exceed income. Fundamental to consumer choice theory. p_i is price of good i (p_i > 0), x_i is quantity (x_i >= 0), m is income (m > 0). Typically binding at optimum."
Microeconomics,"Utility Maximization (Lagrangian)","\mathcal{L}(x_1, \ldots, x_n, \lambda) = u(x_1, \ldots, x_n) - \lambda \left( \sum_{i=1}^{n} p_i x_i - m \right)","Lagrangian formulation for utility maximization subject to budget constraint. FOCs yield Marshallian demand functions. u(·) is utility function (continuous, differentiable, strictly quasi-concave), λ is Lagrange multiplier (marginal utility of income)."
Microeconomics,"Marginal Rate of Substitution","\text{MRS}_{x,y} = -\frac{dy}{dx}\bigg|_{\bar{u}} = \frac{\partial u / \partial x}{\partial u / \partial y} = \frac{MU_x}{MU_y}","Rate at which consumer trades good y for good x maintaining constant utility. At optimum MRS equals price ratio. MU_x is marginal utility of x, assumes diminishing MRS for convex preferences."
Microeconomics,"Marshallian Demand","x_i^* = x_i(p_1, \ldots, p_n, m)","Uncompensated demand from utility maximization. Dependent on all prices and income. Properties: homogeneous of degree zero in (p,m), satisfy budget constraint and Slutsky symmetry. Used in welfare analysis."
Microeconomics,"Hicksian (Compensated) Demand","h_i(p_1, \ldots, p_n, \bar{u}) = \arg\min_{x} \sum_{j=1}^{n} p_j x_j \quad \text{s.t.} \quad u(x_1, \ldots, x_n) \geq \bar{u}","Compensated demand from expenditure minimization at fixed utility. Properties: homogeneous of degree zero in p, no income effect (pure substitution), satisfies compensated law of demand."
Microeconomics,"Indirect Utility Function","v(p_1, \ldots, p_n, m) = \max_{x} u(x_1, \ldots, x_n) \quad \text{s.t.} \quad \sum_{i=1}^{n} p_i x_i = m","Maximum utility attainable given prices and income. Properties: homogeneous of degree zero in (p,m), strictly increasing in m, decreasing in p_i, quasi-convex in p. Foundation for Roy's Identity."
Microeconomics,"Expenditure Function","e(p_1, \ldots, p_n, \bar{u}) = \min_{x} \sum_{i=1}^{n} p_i x_i \quad \text{s.t.} \quad u(x_1, \ldots, x_n) = \bar{u}","Minimum expenditure to achieve utility level. Properties: homogeneous of degree one in p, strictly increasing in u and p_i, concave in p. Dual to indirect utility. Foundation for Shephard's Lemma."
Microeconomics,"Roy's Identity","x_i(p, m) = -\frac{\partial v(p, m) / \partial p_i}{\partial v(p, m) / \partial m}","Derives Marshallian demand from indirect utility function using envelope theorem. Assumes v(·) is differentiable and marginal utility of income is nonzero. Application of duality theory."
Microeconomics,"Shephard's Lemma","h_i(p, \bar{u}) = \frac{\partial e(p, \bar{u})}{\partial p_i}","Derives Hicksian demand from expenditure function using envelope theorem. Shows compensated demand equals derivative of expenditure function. Used in welfare analysis and deadweight loss calculations."
Microeconomics,"Slutsky Equation","\frac{\partial x_i(p, m)}{\partial p_j} = \frac{\partial h_i(p, \bar{u})}{\partial p_j} - \frac{\partial x_i(p, m)}{\partial m} \cdot x_j(p, m)","Decomposes price effect into substitution effect (first term) and income effect (second term). Matrix form: D_p x = D_p h - D_m x · x^T where D_p h is negative semidefinite. Critical for classifying goods."
Microeconomics,"Elasticity of Demand","\epsilon_{x,p} = \frac{\partial x}{\partial p} \cdot \frac{p}{x} = \frac{d \ln x}{d \ln p}","Price elasticity: percentage change in quantity per percentage change in price. |ε| > 1 is elastic, |ε| < 1 is inelastic, |ε| = 1 is unit elastic. Income elasticity and cross-price elasticity defined analogously."
Microeconomics,"Cobb-Douglas Utility Function","u(x_1, \ldots, x_n) = \prod_{i=1}^{n} x_i^{\alpha_i} \quad \text{where} \quad \sum_{i=1}^{n} \alpha_i = 1, \; \alpha_i > 0","Homothetic preferences with constant expenditure shares. Marshallian demand: x_i* = α_i m/p_i. Elasticity of substitution σ=1. Income elasticity equals 1. Widely used in macro and CGE models."
Microeconomics,"CES Utility Function","u(x_1, \ldots, x_n) = \left( \sum_{i=1}^{n} \alpha_i x_i^{\rho} \right)^{1/\rho} \quad \text{where} \quad \rho \leq 1, \; \rho \neq 0, \; \alpha_i > 0, \; \sum \alpha_i = 1","Constant Elasticity of Substitution utility. Elasticity: σ=1/(1-ρ). Special cases: ρ→0 yields Cobb-Douglas, ρ=1 yields perfect substitutes, ρ→-∞ yields Leontief. Used in international trade and growth theory."
Microeconomics,"Cobb-Douglas Production Function","Y = A K^{\alpha} L^{\beta} \quad \text{where} \quad A > 0, \; \alpha, \beta \in (0, 1)","Production function with capital K and labor L. A is total factor productivity, α and β are output elasticities. Returns to scale: α+β<1 (DRS), =1 (CRS), >1 (IRS). Elasticity of substitution σ=1."
Microeconomics,"CES Production Function","Y = A \left[ \alpha K^{\rho} + (1-\alpha) L^{\rho} \right]^{1/\rho} \quad \text{where} \quad \rho \leq 1, \; \rho \neq 0, \; \alpha \in (0,1)","Constant Elasticity of Substitution production. Elasticity: σ=1/(1-ρ). Special cases: ρ→0 yields Cobb-Douglas, ρ=1 yields linear, ρ→-∞ yields Leontief. Assumes constant returns to scale."
Microeconomics,"Returns to Scale","f(tK, tL) = t^{\gamma} f(K, L) \quad \text{where} \quad \gamma < 1 \text{ (DRS)}, = 1 \text{ (CRS)}, > 1 \text{ (IRS)}","Measures how output scales with proportional input increases. t>1 is scaling factor, γ is degree of homogeneity. CRS implies perfect replication and Euler's theorem. Critical for competitive equilibrium existence."
Microeconomics,"Marginal Rate of Technical Substitution","\text{MRTS}_{L,K} = -\frac{dK}{dL}\bigg|_{\bar{Y}} = \frac{\partial f / \partial L}{\partial f / \partial K} = \frac{MP_L}{MP_K}","Rate at which capital substitutes for labor maintaining constant output. At cost minimum MRTS equals input price ratio w/r. MP_L and MP_K are marginal products. Assumes diminishing MRTS (convex isoquants)."
Microeconomics,"Cost Minimization (Lagrangian)","\mathcal{L}(K, L, \lambda) = wL + rK - \lambda \left( f(K, L) - \bar{Y} \right)","Lagrangian for cost minimization subject to production constraint. FOCs yield conditional factor demands K^c(w,r,Y) and L^c(w,r,Y). λ is marginal cost. w is wage, r is capital rental rate."
Microeconomics,"Profit Maximization Condition","\max_{K, L} \pi = p \cdot f(K, L) - wL - rK \implies p \cdot \frac{\partial f}{\partial L} = w, \; p \cdot \frac{\partial f}{\partial K} = r","Competitive firm sets marginal revenue product equal to factor price. p is output price (exogenous), π is profit. Under CRS, FOCs determine factor demands but not output scale. Yields unconditional factor demands."
Microeconomics,"Hotelling's Lemma","y^*(p, w) = \frac{\partial \pi(p, w)}{\partial p} \quad \text{and} \quad x_i^*(p, w) = -\frac{\partial \pi(p, w)}{\partial w_i}","Derives supply and factor demands from profit function using envelope theorem. π(p,w) is profit function, y* is output supply, x_i* is demand for input i. Profit function is convex in p, concave in w."
Microeconomics,"Envelope Theorem","\frac{dV^*(\alpha)}{d\alpha} = \frac{\partial V(x^*(\alpha), \alpha)}{\partial \alpha}\bigg|_{x=x^*(\alpha)}","Derivative of value function equals partial derivative of objective at optimum. Indirect effect through dx*/dα vanishes by FOC. Foundation for Roy's Identity, Shephard's Lemma, Hotelling's Lemma."
Microeconomics,"Monopoly Pricing (MR=MC)","MR(Q) = p(Q) + Q \frac{dp}{dQ} = MC(Q) \implies p^* = \frac{MC(Q^*)}{1 + \frac{1}{\epsilon}}","Monopolist sets MR=MC. p(Q) is inverse demand, ε is price elasticity. MR<p so monopolist produces less than competitive level. Markup is Lerner Index. Requires |ε|>1 for positive output. Creates deadweight loss."
Microeconomics,"Lerner Index","L = \frac{p - MC(Q)}{p} = -\frac{1}{\epsilon_d}","Measures market power as percentage markup of price over marginal cost. L∈[0,1] where L=0 for perfect competition. Under Cournot with n symmetric firms: L=s/|ε| where s=1/n is market share."
Microeconomics,"Nash Equilibrium Condition","s_i^* \in \arg\max_{s_i \in S_i} u_i(s_i, s_{-i}^*) \quad \forall i \in N","Strategy profile where no player can unilaterally improve by deviating. s_i is player i's strategy, S_i is strategy space, u_i is payoff function. Existence guaranteed by Nash's theorem. Foundation of non-cooperative game theory."
Microeconomics,"Cournot Equilibrium","q_i^* = \arg\max_{q_i} \left[ p\left(\sum_{j=1}^{n} q_j\right) q_i - C_i(q_i) \right] \implies p'(Q^*) q_i^* + p(Q^*) = C_i'(q_i^*)","Oligopoly with simultaneous quantity choices. q_i is firm i's output, Q is total output, p(Q) is inverse demand. As n→∞, converges to perfect competition. More competitive than monopoly, less than Bertrand."
Microeconomics,"Bertrand Equilibrium","p_i^* = \arg\max_{p_i} \left[ (p_i - c) D_i(p_i, p_{-i}^*) \right]","Oligopoly with simultaneous price choices. D_i is demand for firm i. With homogeneous products and n≥2: p_i*=c (Bertrand paradox). With differentiated products: p_i*>c. More competitive than Cournot with homogeneous products."
Microeconomics,"Stackelberg Leader Output","q_L^* = \arg\max_{q_L} \left[ p(q_L + R(q_L)) q_L - C_L(q_L) \right] \quad \text{where} \quad R(q_L) = \arg\max_{q_F} \left[ p(q_L + q_F) q_F - C_F(q_F) \right]","Sequential quantity competition where leader moves first. R(q_L) is follower's reaction function. Leader incorporates dR/dq_L<0 (strategic substitutes). Leader produces more and earns higher profit than in Cournot. First-mover advantage."
Microeconomics,"Consumer Surplus","CS = \int_0^{Q^*} p(q) \, dq - p^* Q^* = \int_{p^*}^{\infty} D(p) \, dp","Area between demand curve and market price, representing consumer welfare gain. p(q) is inverse demand (willingness to pay), D(p) is demand function. With linear demand p=a-bQ: CS=½(a-p*)Q*."
Microeconomics,"Producer Surplus","PS = p^* Q^* - \int_0^{Q^*} MC(q) \, dq = \int_0^{p^*} S(p) \, dp","Area between market price and supply curve, representing producer welfare gain. MC(q) is marginal cost, S(p) is supply function. Equals variable profit. In long-run competitive equilibrium with free entry: PS=0."
Microeconomics,"Welfare Loss (Deadweight Loss)","DWL = \frac{1}{2} (Q^c - Q^*)(p^* - p^c) = \frac{1}{2} \epsilon_s \epsilon_d \frac{(t)^2}{(\epsilon_s - \epsilon_d)^2} p^c Q^c","Loss of total surplus due to market distortions (taxes, monopoly, price controls). Q^c, p^c are competitive equilibrium; Q*, p* are distorted. Second expression is Harberger's triangle for small distortions. DWL increases with square of tax rate."
Equity Valuation,"Dividend Discount Model (General)","V_0 = \sum_{t=1}^{\infty} \frac{D_t}{(1 + r)^t}","Intrinsic stock value equals present value of all expected future dividends. V_0=current stock value; D_t=expected dividend at time t; r=required return on equity. Foundational framework for equity valuation."
Equity Valuation,"Gordon Growth Model (Constant Growth DDM)","V_0 = \frac{D_1}{r - g}","Values stock assuming constant perpetual dividend growth. V_0=current value; D_1=next dividend; r=required return; g=growth rate. Critical assumption: r>g. Widely used for mature companies."
Equity Valuation,"Two-Stage Dividend Discount Model","V_0 = \sum_{t=1}^{n} \frac{D_0(1+g_1)^t}{(1+r)^t} + \frac{D_{n+1}}{r - g_2} \cdot \frac{1}{(1+r)^n}","Accommodates high-growth phase followed by stable growth. g_1=initial growth rate; g_2=perpetual rate after period n. Used for firms transitioning from growth to maturity."
Equity Valuation,"H-Model","V_0 = \frac{D_0(1+g_L)}{r - g_L} + \frac{D_0 \cdot H \cdot (g_S - g_L)}{r - g_L}","Dividend growth declines linearly from g_S to g_L over 2H periods. H=half-life of high-growth period. Closed-form solution for gradual growth transitions."
Equity Valuation,"Free Cash Flow to Firm (FCFF)","\text{FCFF} = \text{EBIT}(1 - T) + \text{Dep} - \text{CapEx} - \Delta \text{NWC}","Cash available to all investors after operating expenses, taxes, and reinvestment. EBIT=earnings before interest and taxes; T=tax rate; Dep=depreciation; CapEx=capital expenditures; ΔNWC=change in net working capital. Independent of capital structure."
Equity Valuation,"Free Cash Flow to Equity (FCFE)","\text{FCFE} = \text{NI} + \text{Dep} - \text{CapEx} - \Delta \text{NWC} + \text{Net Borrowing}","Cash available to equity holders after all expenses, reinvestment, and debt obligations. NI=net income; Net Borrowing=new debt issued minus repayments. Used for direct equity valuation."
Equity Valuation,"Enterprise Value","\text{EV} = \text{Market Cap} + \text{Total Debt} - \text{Cash}","Total firm value to all investors, net of cash. Market Cap=share price × shares outstanding; Total Debt=market value of debt; Cash=cash equivalents. Used in M&A and valuation multiples."
Equity Valuation,"Equity Value from Enterprise Value","\text{Equity Value} = \text{EV} - \text{Total Debt} + \text{Cash}","Derives equity value from enterprise value by removing debt claims and adding cash. Reconciles FCFF-based valuations to equity value. Represents residual claim after debt holders satisfied."
Equity Valuation,"Weighted Average Cost of Capital (WACC)","\text{WACC} = \frac{E}{V} r_E + \frac{D}{V} r_D (1 - T)","Average rate to finance assets, weighted by capital structure. E=equity value; D=debt value; V=E+D; r_E=cost of equity; r_D=cost of debt; T=tax rate. Discount rate for FCFF in DCF valuation."
Equity Valuation,"Cost of Equity (CAPM)","r_E = r_f + \beta_E (r_m - r_f)","CAPM estimates cost of equity as risk-free rate plus systematic risk premium. r_f=risk-free rate; β_E=equity beta; r_m=expected market return; (r_m-r_f)=market risk premium. Widely used in valuation."
Equity Valuation,"Cost of Debt (After-Tax)","r_D^{\text{after-tax}} = r_D (1 - T)","After-tax cost accounts for tax deductibility of interest. r_D=pre-tax cost of debt; T=corporate tax rate. Tax shield T·r_D represents savings per dollar of interest. Used in WACC calculations."
Equity Valuation,"Unlevered Beta","\beta_U = \frac{\beta_L}{1 + (1-T)\frac{D}{E}}","Asset beta measures systematic risk without financial leverage. β_U=unlevered beta; β_L=levered beta; D=debt; E=equity; T=tax rate. Used to compare business risk across different capital structures."
Equity Valuation,"Levered Beta (Hamada Equation)","\beta_L = \beta_U \left[1 + (1-T)\frac{D}{E}\right]","Relates levered beta to unlevered beta, adjusting for financial leverage. Financial leverage amplifies systematic risk. Assumes debt is risk-free (β_D=0). Used to re-lever beta for target capital structures."
Equity Valuation,"Modigliani-Miller Proposition I (No Taxes)","V_L = V_U","In perfect markets, levered firm value equals unlevered firm value; capital structure is irrelevant. V_L=levered firm value; V_U=unlevered firm value. Foundational result showing financing decisions don't affect firm value."
Equity Valuation,"Modigliani-Miller Proposition II (No Taxes)","r_E = r_A + \frac{D}{E}(r_A - r_D)","Cost of equity increases linearly with debt-to-equity ratio, reflecting financial risk. r_A=cost of assets (unlevered WACC); r_D=cost of debt. Benefit of cheaper debt offset by higher equity costs."
Equity Valuation,"Modigliani-Miller with Corporate Taxes","V_L = V_U + T \cdot D","Levered firm value exceeds unlevered by present value of tax shield. T·D is perpetual tax shield assuming constant debt. Implies tax advantage to debt financing (assumes no bankruptcy costs)."
Equity Valuation,"Adjusted Present Value (APV)","\text{APV} = V_U + \text{PV(Tax Shield)} - \text{PV(Financial Distress Costs)}","Values levered firm by adding/subtracting financing side effects to unlevered value. More flexible than WACC for changing capital structures. Used in leveraged buyouts and complex financing scenarios."
Equity Valuation,"Residual Income Model","V_0 = B_0 + \sum_{t=1}^{\infty} \frac{\text{RI}_t}{(1+r)^t}","Equity value equals book value plus PV of residual income (earnings above required return). RI_t=NI_t - r·B_{t-1}. Assumes clean surplus accounting. Useful when dividends unpredictable but earnings stable."
Equity Valuation,"Economic Value Added (EVA)","\text{EVA} = \text{NOPAT} - \text{WACC} \times \text{Capital}","Dollar surplus value created above cost of capital. NOPAT=net operating profit after taxes; Capital=invested capital. EVA>0 indicates value creation. Performance metric for value-based management."
Equity Valuation,"Price-to-Earnings Ratio (P/E)","\text{P/E} = \frac{P_0}{E_1}","Valuation multiple comparing price to earnings per share. P_0=current price; E_1=expected EPS. Trailing P/E uses historical EPS; forward P/E uses forecasted EPS. Widely used for relative valuation."
Equity Valuation,"PEG Ratio","\text{PEG} = \frac{\text{P/E}}{g \times 100}","Adjusts P/E for earnings growth. g=expected annual growth rate (%). PEG near 1 often considered fair value. Used in growth stock analysis. Doesn't account for risk or capital intensity differences."
Equity Valuation,"Price-to-Book Ratio (P/B)","\text{P/B} = \frac{P_0}{B_0}","Compares market value to book value. B_0=book value per share. P/B<1 may signal undervaluation or distress; P/B>1 suggests intangible value. More relevant for asset-heavy industries like banks and manufacturing."
Equity Valuation,"Price-to-Sales Ratio (P/S)","\text{P/S} = \frac{P_0}{S_1}","Compares market cap to revenue. S_1=sales per share. Useful for firms with negative or volatile earnings. Less susceptible to accounting manipulation. Doesn't account for profitability or cost structure."
Equity Valuation,"EV/EBITDA Multiple","\text{EV/EBITDA} = \frac{\text{EV}}{\text{EBITDA}}","Compares enterprise value to operating earnings before interest, taxes, depreciation, amortization. Capital-structure-neutral comparison. Widely used in M&A. Preferred over P/E for leveraged firms."
Equity Valuation,"Justified P/E from Gordon Growth Model","\text{Justified P/E} = \frac{1 - b}{r - g}","Links P/E to fundamentals: payout ratio, required return, and growth. b=retention ratio; (1-b)=payout ratio; g=dividend growth rate. Used to assess whether current P/E justified by fundamentals."
Equity Valuation,"Sustainable Growth Rate","g = b \times \text{ROE}","Maximum growth rate using internally generated funds without changing capital structure. b=retention ratio; ROE=return on equity. Assumes constant ROE and payout ratio. Growth above g requires external financing."
Equity Valuation,"DuPont Analysis (ROE Decomposition)","\text{ROE} = \frac{\text{Net Income}}{\text{Sales}} \times \frac{\text{Sales}}{\text{Assets}} \times \frac{\text{Assets}}{\text{Equity}}","Decomposes ROE into profit margin, asset turnover, and leverage. Used to diagnose profitability drivers and identify weaknesses. Extended versions include tax burden and interest burden."
Equity Valuation,"Return on Invested Capital (ROIC)","\text{ROIC} = \frac{\text{NOPAT}}{\text{Invested Capital}}","Measures efficiency and profitability independent of financing. NOPAT=EBIT(1-T); Invested Capital=total assets minus non-interest-bearing current liabilities. ROIC>WACC indicates value creation. Unaffected by capital structure."
Equity Valuation,"Terminal Value (Gordon Growth)","\text{TV}_n = \frac{\text{FCF}_{n+1}}{r - g}","Estimates PV at time n of cash flows beyond forecast period, assuming perpetual growth. FCF_{n+1}=free cash flow in first year beyond forecast; r=discount rate; g=perpetual growth rate (g<r). Used in DCF valuations."
Equity Valuation,"Terminal Value (Exit Multiple)","\text{TV}_n = \text{Multiple} \times \text{Metric}_n","Estimates value at period n by applying valuation multiple to financial metric. Multiple=valuation multiple (e.g., EV/EBITDA, P/E); Metric_n=financial metric at time n. Used in DCF and LBO models. More practical for cyclical firms."
Probability,"Kolmogorov Axiom 1: Non-Negativity","P(A) \geq 0 \quad \forall A \in \mathcal{F}","The probability of any event is non-negative. First axiom of probability theory established by Kolmogorov (1933). Variables: A = event in the sample space, F = sigma-algebra of measurable events."
Probability,"Kolmogorov Axiom 2: Unitarity","P(\Omega) = 1","The probability of the entire sample space equals one. Ω denotes the sample space containing all possible outcomes. This axiom normalizes the probability measure."
Probability,"Kolmogorov Axiom 3: Countable Additivity","P\left(\bigcup_{i=1}^{\infty} A_i\right) = \sum_{i=1}^{\infty} P(A_i) \quad \text{for pairwise disjoint } A_i","For countably many mutually exclusive events, the probability of their union equals the sum of their individual probabilities."
Probability,"Conditional Probability","P(A|B) = \frac{P(A \cap B)}{P(B)} \quad \text{for } P(B) > 0","The probability of event A given that event B has occurred. Foundation for Bayesian inference and information updating in financial markets."
Probability,"Bayes' Theorem","P(A|B) = \frac{P(B|A)P(A)}{P(B)} = \frac{P(B|A)P(A)}{\sum_{i} P(B|A_i)P(A_i)}","Relates conditional probabilities of events A and B. P(A) is prior probability, P(B|A) is likelihood, P(A|B) is posterior probability. Central to Bayesian econometrics."
Probability,"Law of Total Probability","P(B) = \sum_{i=1}^{n} P(B|A_i)P(A_i)","Computes the marginal probability of event B by conditioning on a partition {A_i} of the sample space. Used in scenario analysis and risk aggregation."
Probability,"Independence of Events","P(A \cap B) = P(A)P(B)","Events A and B are independent if their joint probability equals the product of their marginal probabilities. Critical assumption in portfolio theory."
Probability,"Probability Mass Function (PMF)","p_X(x) = P(X = x) \quad \text{where} \quad \sum_{x \in \mathcal{X}} p_X(x) = 1","Describes the probability distribution of a discrete random variable X. Probabilities sum to one with each p_X(x) ≥ 0."
Probability,"Probability Density Function (PDF)","f_X(x) \geq 0 \quad \text{and} \quad \int_{-\infty}^{\infty} f_X(x) \, dx = 1","Characterizes the distribution of a continuous random variable X. Fundamental to continuous-time finance and stochastic calculus."
Probability,"Cumulative Distribution Function (CDF)","F_X(x) = P(X \leq x)","The probability that random variable X takes a value less than or equal to x. Used in VaR computation and quantile-based analysis."
Probability,"Expected Value (Discrete)","E[X] = \sum_{x \in \mathcal{X}} x \cdot p_X(x)","The expectation or mean of discrete random variable X with PMF p_X(x). Central to utility theory, asset pricing, and decision theory."
Probability,"Expected Value (Continuous)","E[X] = \int_{-\infty}^{\infty} x \cdot f_X(x) \, dx","The expectation of continuous random variable X with PDF f_X(x). Used in risk-neutral pricing and expected utility maximization."
Probability,"Law of the Unconscious Statistician (LOTUS)","E[g(X)] = \int_{-\infty}^{\infty} g(x) f_X(x) \, dx","Computes expected value of a function g(X) without deriving the distribution of the transformed variable. Essential for computing option payoffs."
Probability,"Variance","\text{Var}(X) = E[(X - E[X])^2] = E[X^2] - (E[X])^2","Measures the dispersion of random variable X around its mean. Fundamental to portfolio theory and risk measurement."
Probability,"Covariance","\text{Cov}(X, Y) = E[(X - E[X])(Y - E[Y])] = E[XY] - E[X]E[Y]","Measures the joint variability of random variables X and Y. Central to portfolio diversification and factor models."
Probability,"Correlation Coefficient","\rho_{X,Y} = \frac{\text{Cov}(X, Y)}{\sigma_X \sigma_Y}","Normalized covariance of X and Y. Always satisfies -1 ≤ ρ ≤ 1. Critical for portfolio construction and correlation trading strategies."
Probability,"Moment Generating Function (MGF)","M_X(t) = E[e^{tX}]","Generates all moments of random variable X when it exists. The n-th moment is E[X^n] = M_X^{(n)}(0). Uniquely determines the distribution."
Probability,"Characteristic Function","\phi_X(t) = E[e^{itX}] = \int_{-\infty}^{\infty} e^{itx} f_X(x) \, dx","The Fourier transform of the PDF. Always exists and uniquely determines the distribution. Essential for option pricing via Fourier methods."
Probability,"Normal (Gaussian) Distribution PDF","f_X(x) = \frac{1}{\sigma\sqrt{2\pi}} \exp\left(-\frac{(x-\mu)^2}{2\sigma^2}\right)","The probability density of normal random variable X ~ N(μ, σ²). Foundational in Black-Scholes, linear regression, and CAPM."
Probability,"Standard Normal CDF","\Phi(x) = \frac{1}{\sqrt{2\pi}} \int_{-\infty}^{x} e^{-t^2/2} \, dt","The cumulative distribution function of standard normal variable Z ~ N(0,1). Extensively used in Black-Scholes formula and VaR calculations."
Probability,"Log-Normal Distribution PDF","f_X(x) = \frac{1}{x\sigma\sqrt{2\pi}} \exp\left(-\frac{(\ln x - \mu)^2}{2\sigma^2}\right) \quad \text{for } x > 0","Random variable X is log-normally distributed if ln X ~ N(μ, σ²). Models asset prices in Black-Scholes framework, ensuring prices remain positive."
Probability,"Poisson Distribution PMF","P(X = k) = \frac{\lambda^k e^{-\lambda}}{k!} \quad \text{for } k = 0, 1, 2, \ldots","Models the number of events occurring in a fixed interval at constant rate λ. Used for defaults, jumps in jump-diffusion models."
Probability,"Exponential Distribution PDF","f_X(x) = \lambda e^{-\lambda x} \quad \text{for } x \geq 0","Models time until an event occurs under constant hazard rate λ. Exhibits memoryless property. Used in survival analysis and default time modeling."
Probability,"Binomial Distribution PMF","P(X = k) = \binom{n}{k} p^k (1-p)^{n-k} \quad \text{for } k = 0, 1, \ldots, n","Models the number of successes in n independent Bernoulli trials. Used in binomial tree option pricing and credit portfolio modeling."
Probability,"Law of Large Numbers","\frac{1}{n}\sum_{i=1}^{n} X_i \xrightarrow{P} \mu \quad \text{as } n \to \infty","For i.i.d. random variables with mean μ, the sample mean converges in probability to μ. Underpins Monte Carlo methods."
Probability,"Central Limit Theorem","\frac{\sqrt{n}\left(\bar{X}_n - \mu\right)}{\sigma} \xrightarrow{d} N(0, 1) \quad \text{as } n \to \infty","Standardized sample mean converges in distribution to standard normal. Justifies normal approximations in statistical inference."
Probability,"Chebyshev's Inequality","P(|X - \mu| \geq k\sigma) \leq \frac{1}{k^2} \quad \text{for any } k > 0","Bounds the probability that random variable X deviates from its mean by k standard deviations. Used in risk management."
Probability,"Markov's Inequality","P(X \geq a) \leq \frac{E[X]}{a} \quad \text{for any } a > 0","For non-negative random variable X ≥ 0, bounds the tail probability. Used in theoretical analysis and concentration inequalities."
Probability,"Jensen's Inequality","E[g(X)] \geq g(E[X]) \quad \text{if } g \text{ is convex}","For convex function g, expectation of transformed variable is at least function applied to expectation. Critical in utility theory and option pricing."
Probability,"Conditional Expectation (Law of Iterated Expectations)","E[E[X|Y]] = E[X]","The expectation of the conditional expectation equals the unconditional expectation. Fundamental in martingale theory and derivatives pricing."
Probability,"Variance Decomposition Formula","\text{Var}(X) = E[\text{Var}(X|Y)] + \text{Var}(E[X|Y])","Total variance equals expected conditional variance plus variance of conditional mean. Used in factor model risk attribution."
Probability,"Skewness","\text{Skew}(X) = E\left[\left(\frac{X-\mu}{\sigma}\right)^3\right] = \frac{E[(X-\mu)^3]}{\sigma^3}","Measures asymmetry of the distribution. > 0 for right-skewed, < 0 for left-skewed. Important for capturing asymmetric risk."
Probability,"Kurtosis","\text{Kurt}(X) = E\left[\left(\frac{X-\mu}{\sigma}\right)^4\right] = \frac{E[(X-\mu)^4]}{\sigma^4}","Measures tail heaviness. Normal distribution has kurtosis = 3. > 3 is leptokurtic (heavy tails). Critical for VaR modeling."
Probability,"Covariance Matrix","\boldsymbol{\Sigma} = E[(\mathbf{X} - \boldsymbol{\mu})(\mathbf{X} - \boldsymbol{\mu})^T]","For random vector X, the covariance matrix Σ is symmetric positive semi-definite. Fundamental in portfolio optimization and PCA."
Statistics & Econometrics,"Sample Mean","\bar{x} = \frac{1}{n} \sum_{i=1}^{n} x_i","The arithmetic average of observed values. Unbiased estimator of population mean and minimizes sum of squared deviations."
Statistics & Econometrics,"Sample Variance","s^2 = \frac{1}{n-1} \sum_{i=1}^{n} (x_i - \bar{x})^2","Measures dispersion using Bessel's correction (n-1 denominator) to provide unbiased estimate of population variance."
Statistics & Econometrics,"Standard Error of the Mean","\text{SE}(\bar{x}) = \frac{s}{\sqrt{n}}","Quantifies the precision of the sample mean as an estimator of the population mean. Critical for confidence intervals."
Statistics & Econometrics,"OLS Estimator (Matrix Form)","\hat{\beta} = (X^T X)^{-1} X^T y","The OLS estimator provides BLUE under Gauss-Markov assumptions. Minimizes sum of squared residuals."
Statistics & Econometrics,"OLS Normal Equations","X^T X \beta = X^T y","First-order conditions for minimizing sum of squared residuals. Solution exists when X has full column rank."
Statistics & Econometrics,"Gauss-Markov Conditions","\mathbb{E}[\varepsilon | X] = 0, \quad \text{Var}(\varepsilon | X) = \sigma^2 I_n","These conditions ensure OLS is BLUE: conditional mean independence (exogeneity) and homoskedasticity with no serial correlation."
Statistics & Econometrics,"R-squared","R^2 = 1 - \frac{\sum_{i=1}^{n} (y_i - \hat{y}_i)^2}{\sum_{i=1}^{n} (y_i - \bar{y})^2} = 1 - \frac{\text{SSR}}{\text{SST}}","Measures proportion of variance in dependent variable explained by model. Ranges from 0 to 1."
Statistics & Econometrics,"Adjusted R-squared","\bar{R}^2 = 1 - \frac{n-1}{n-k} (1 - R^2)","Penalizes model complexity to prevent overfitting. Preferred for model comparison with different numbers of regressors."
Statistics & Econometrics,"F-statistic","F = \frac{(R^2 / (k-1))}{((1 - R^2) / (n-k))} = \frac{\text{MSM}}{\text{MSE}}","Tests joint null hypothesis that all slope coefficients are zero. Under null, F ~ F_{k-1, n-k}."
Statistics & Econometrics,"t-statistic","t_j = \frac{\hat{\beta}_j - \beta_j^0}{\text{SE}(\hat{\beta}_j)}","Tests hypotheses about individual regression coefficients. Under null and normality, t_j ~ t_{n-k}."
Statistics & Econometrics,"Maximum Likelihood Estimator","\hat{\theta}_{\text{MLE}} = \arg\max_{\theta} \sum_{i=1}^{n} \log f(x_i; \theta)","The MLE selects parameters that maximize likelihood of observed data. Asymptotically efficient and normally distributed."
Statistics & Econometrics,"Fisher Information","\mathcal{I}(\theta) = \mathbb{E}\left[ \left( \frac{\partial \log f(X; \theta)}{\partial \theta} \right)^2 \right] = -\mathbb{E}\left[ \frac{\partial^2 \log f(X; \theta)}{\partial \theta^2} \right]","Quantifies information a random variable carries about an unknown parameter. Higher information implies more precise estimation."
Statistics & Econometrics,"Cramér-Rao Lower Bound","\text{Var}(\hat{\theta}) \geq \frac{1}{n \mathcal{I}(\theta)}","The CRLB provides minimum possible variance for any unbiased estimator. MLE achieves this bound asymptotically."
Statistics & Econometrics,"Likelihood Ratio Test","\text{LR} = 2 [\ell(\hat{\theta}_1) - \ell(\hat{\theta}_0)]","Compares nested models by testing parameter restrictions. Under null, LR ~ χ²_r where r is number of restrictions."
Statistics & Econometrics,"Wald Test","W = (\hat{\theta} - \theta_0)^T \left[ \widehat{\text{Var}}(\hat{\theta}) \right]^{-1} (\hat{\theta} - \theta_0)","Evaluates parameter restrictions using unrestricted estimates. Under null, W ~ χ²_r asymptotically."
Statistics & Econometrics,"AIC (Akaike Information Criterion)","\text{AIC} = 2k - 2\ell(\hat{\theta})","Balances model fit and complexity. Lower AIC indicates better model. Based on Kullback-Leibler divergence."
Statistics & Econometrics,"BIC (Bayesian Information Criterion)","\text{BIC} = k \log(n) - 2\ell(\hat{\theta})","Imposes stronger penalty for complexity than AIC. Consistent for model selection as n → ∞."
Statistics & Econometrics,"Heteroskedasticity-Consistent Standard Errors (White)","\widehat{\text{Var}}(\hat{\beta}) = (X^T X)^{-1} X^T \hat{\Omega} X (X^T X)^{-1}","White's robust covariance estimator provides valid inference under heteroskedasticity of unknown form."
Statistics & Econometrics,"Newey-West HAC Estimator","\widehat{\text{Var}}_{\text{NW}}(\hat{\beta}) = (X^T X)^{-1} \left( \sum_{j=-L}^{L} w_j \hat{\Gamma}_j \right) (X^T X)^{-1}","Provides heteroskedasticity and autocorrelation consistent (HAC) standard errors. Uses Bartlett kernel weights."
Statistics & Econometrics,"Two-Stage Least Squares (2SLS) Estimator","\hat{\beta}_{2SLS} = (X^T P_Z X)^{-1} X^T P_Z y","2SLS provides consistent estimation when regressors are endogenous. P_Z = Z(Z^T Z)^{-1}Z^T is projection matrix."
Statistics & Econometrics,"Generalized Method of Moments (GMM) Estimator","\hat{\theta}_{GMM} = \arg\min_{\theta} \left[ \frac{1}{n} \sum_{i=1}^{n} g(x_i, \theta) \right]^T W \left[ \frac{1}{n} \sum_{i=1}^{n} g(x_i, \theta) \right]","Generalizes IV estimation using moment conditions E[g(x, θ_0)] = 0. Optimal weighting matrix W is inverse of moment covariance."
Statistics & Econometrics,"Panel Data Fixed Effects Estimator","\hat{\beta}_{FE} = \left( \sum_{i=1}^{N} \sum_{t=1}^{T} (x_{it} - \bar{x}_i)(x_{it} - \bar{x}_i)^T \right)^{-1} \left( \sum_{i=1}^{N} \sum_{t=1}^{T} (x_{it} - \bar{x}_i)(y_{it} - \bar{y}_i) \right)","The within transformation eliminates time-invariant individual effects by demeaning. Controls for all time-invariant unobserved heterogeneity."
Statistics & Econometrics,"Hausman Test","H = (\hat{\beta}_{FE} - \hat{\beta}_{RE})^T \left[ \widehat{\text{Var}}(\hat{\beta}_{FE}) - \widehat{\text{Var}}(\hat{\beta}_{RE}) \right]^{-1} (\hat{\beta}_{FE} - \hat{\beta}_{RE})","Tests whether individual effects are correlated with regressors. Large H rejects RE in favor of FE."
Statistics & Econometrics,"Durbin-Watson Statistic","DW = \frac{\sum_{t=2}^{n} (\hat{\varepsilon}_t - \hat{\varepsilon}_{t-1})^2}{\sum_{t=1}^{n} \hat{\varepsilon}_t^2}","Tests for first-order serial correlation in regression residuals. Values near 2 indicate no autocorrelation."
Statistics & Econometrics,"Breusch-Pagan Test","BP = n R^2_{\text{aux}}","Tests for heteroskedasticity by regressing squared residuals on regressors. Under null of homoskedasticity, BP ~ χ²_{k-1}."
Statistics & Econometrics,"Granger Causality","y_t = \alpha_0 + \sum_{i=1}^{p} \alpha_i y_{t-i} + \sum_{j=1}^{q} \beta_j x_{t-j} + \varepsilon_t","Tests whether past values of x help predict y beyond past values of y alone. Causality refers to predictive power, not true causation."
Statistics & Econometrics,"Engle-Granger Cointegration","\Delta \hat{\varepsilon}_t = \rho \hat{\varepsilon}_{t-1} + \sum_{i=1}^{k} \gamma_i \Delta \hat{\varepsilon}_{t-i} + u_t","Tests whether non-stationary series share a common stochastic trend. Test residuals for unit root using augmented Dickey-Fuller test."
Statistics & Econometrics,"GARCH(1,1) Model","\sigma_t^2 = \omega + \alpha \varepsilon_{t-1}^2 + \beta \sigma_{t-1}^2","Captures volatility clustering. Conditional variance depends on past squared shocks and past variance. Requires α + β < 1 for stationarity."
Statistics & Econometrics,"Vector Autoregression (VAR)","\mathbf{y}_t = \mathbf{c} + \Phi_1 \mathbf{y}_{t-1} + \Phi_2 \mathbf{y}_{t-2} + \cdots + \Phi_p \mathbf{y}_{t-p} + \boldsymbol{\varepsilon}_t","Models multiple time series jointly. Each variable depends on its own lags and lags of all other variables. Used for forecasting and impulse response analysis."
Linear Algebra,"Matrix Multiplication","(AB)_{ij} = \sum_{k=1}^{n} A_{ik} B_{kj}","Defines the product of two matrices. For A ∈ ℝ^{m×n} and B ∈ ℝ^{n×p}, product AB ∈ ℝ^{m×p}. Non-commutative: AB ≠ BA in general."
Linear Algebra,"Matrix Transpose Properties","(AB)^T = B^T A^T","The transpose of a product equals the product of transposes in reverse order. Fundamental in deriving covariance matrices and OLS normal equations."
Linear Algebra,"Matrix Inverse","AA^{-1} = A^{-1}A = I","A square matrix A is invertible if A^{-1} exists. Exists iff det(A) ≠ 0. Properties: (AB)^{-1} = B^{-1}A^{-1}."
Linear Algebra,"Determinant (Leibniz Formula)","\det(A) = \sum_{\sigma \in S_n} \text{sgn}(\sigma) \prod_{i=1}^{n} A_{i,\sigma(i)}","Sum over all permutations in symmetric group S_n. Properties: det(AB) = det(A)det(B), det(A^T) = det(A)."
Linear Algebra,"Cramer's Rule","x_i = \frac{\det(A_i)}{\det(A)}","Solves linear system Ax = b. A_i is formed by replacing i-th column of A with vector b. Valid when det(A) ≠ 0."
Linear Algebra,"Eigenvalue Equation","Av = \lambda v","Defines eigenvalue λ and eigenvector v for matrix A. Essential for PCA, dynamic systems stability, and Markov chain convergence."
Linear Algebra,"Characteristic Polynomial","p(\lambda) = \det(A - \lambda I) = 0","Roots are eigenvalues of A. Sum of eigenvalues equals tr(A), product equals det(A). Used in spectral analysis."
Linear Algebra,"Spectral Decomposition","A = Q\Lambda Q^T","For symmetric A, Q is orthogonal with eigenvectors as columns, Λ = diag(λ_1, ..., λ_n). All eigenvalues real. Fundamental for PCA."
Linear Algebra,"Singular Value Decomposition (SVD)","A = U\Sigma V^T","For any matrix A, U and V are orthogonal, Σ is diagonal with singular values. Used in dimensionality reduction and matrix approximation."
Linear Algebra,"Cholesky Decomposition","A = LL^T","For positive definite A, unique lower triangular L with positive diagonal exists. Used in simulating correlated random variables."
Linear Algebra,"QR Decomposition","A = QR","Q has orthonormal columns, R is upper triangular. Used in solving least squares problems. More stable than normal equations."
Linear Algebra,"LU Decomposition","A = LU","L is lower triangular with unit diagonal, U is upper triangular. Efficient for solving multiple linear systems with same coefficient matrix."
Linear Algebra,"Trace Properties","\text{tr}(AB) = \text{tr}(BA)","Trace is sum of diagonal elements. Cyclic property: tr(ABC) = tr(CAB) = tr(BCA). Also: tr(A) = Σλ_i."
Linear Algebra,"Rank-Nullity Theorem","\text{rank}(A) + \text{nullity}(A) = n","Rank plus nullity equals number of columns. Fundamental for determining solution existence and uniqueness."
Linear Algebra,"Positive Definite Matrix Conditions","x^T A x > 0 \quad \forall x \neq 0","For symmetric A and all non-zero x. Equivalent: all eigenvalues > 0, all leading principal minors positive. Essential for covariance matrices."
Linear Algebra,"Sherman-Morrison Formula","(A + uv^T)^{-1} = A^{-1} - \frac{A^{-1}uv^T A^{-1}}{1 + v^T A^{-1}u}","Updates inverse after rank-one modification. Reduces complexity from O(n³) to O(n²). Used in recursive least squares."
Linear Algebra,"Woodbury Matrix Identity","(A + UCV)^{-1} = A^{-1} - A^{-1}U(C^{-1} + VA^{-1}U)^{-1}VA^{-1}","Generalizes Sherman-Morrison to rank-k updates. Essential for Kalman filter updates and portfolio optimization."
Linear Algebra,"Matrix Differentiation (Gradient of Quadratic Form)","\frac{\partial}{\partial x}(x^T A x) = (A + A^T)x","For x ∈ ℝ^n and A ∈ ℝ^{n×n}. If A is symmetric, simplifies to 2Ax. Used in portfolio optimization."
Linear Algebra,"Kronecker Product Properties","(A \otimes B)(C \otimes D) = (AC) \otimes (BD)","Properties: (A ⊗ B)^T = A^T ⊗ B^T, (A ⊗ B)^{-1} = A^{-1} ⊗ B^{-1}. Used in vectorization: vec(AXB) = (B^T ⊗ A)vec(X)."
Linear Algebra,"Moore-Penrose Pseudoinverse","A^+ = (A^T A)^{-1} A^T","For A with full column rank. Gives least squares solution: x = A^+b minimizes ||Ax - b||₂."
Linear Algebra,"Projection Matrix","P = A(A^T A)^{-1}A^T","Projects vectors onto column space of A. Properties: P is symmetric, idempotent (P² = P). In OLS: ŷ = Py."
Linear Algebra,"Orthogonal Projection","\text{proj}_v(u) = \frac{u^T v}{v^T v} v","Projects vector u onto vector v. Orthogonal component is u - proj_v(u). Used in Gram-Schmidt orthogonalization."
Linear Algebra,"Gram-Schmidt Process","v_k = a_k - \sum_{j=1}^{k-1} \frac{a_k^T v_j}{v_j^T v_j} v_j","Orthogonalizes linearly independent vectors. Initialize v_1 = a_1. Normalize for orthonormal basis. Basis for QR decomposition."
Linear Algebra,"Frobenius Norm","\|A\|_F = \sqrt{\sum_{i=1}^{m} \sum_{j=1}^{n} |A_{ij}|^2} = \sqrt{\text{tr}(A^T A)}","Euclidean norm of vectorized matrix. Properties: ||A||_F² = Σσ_i² where σ_i are singular values. Used in matrix approximation."
Linear Algebra,"Condition Number","\kappa(A) = \|A\| \|A^{-1}\| = \frac{\sigma_{\max}(A)}{\sigma_{\min}(A)}","Measures sensitivity of solution in Ax = b to perturbations. Large κ(A) indicates ill-conditioning. Used to assess numerical stability."
Linear Algebra,"Schur Complement","M/A = D - CA^{-1}B","For block matrix M = [A B; C D] where A invertible. det(M) = det(A)det(M/A). Essential for conditional distributions in multivariate normal."
Macroeconomics,"National Income Identity (GDP)","Y = C + I + G + NX","Fundamental national income accounting identity for open economy. Total output equals consumption, investment, government spending, and net exports."
Macroeconomics,"Consumption Function (Keynesian)","C = C_0 + c(Y - T)","Keynesian consumption relating consumption to disposable income. C_0 = autonomous consumption, c = marginal propensity to consume (0 < c < 1)."
Macroeconomics,"Investment-Savings Identity","S = I","Equilibrium condition that national savings equals investment in closed economy. In open economy: S = I + NX."
Macroeconomics,"IS Curve","Y = \frac{1}{1-c(1-t)}[C_0 + I_0 - bi + G_0 + NX_0]","Goods market equilibrium showing negative relationship between output and interest rate. The coefficient 1/(1-c(1-t)) is Keynesian multiplier."
Macroeconomics,"Phillips Curve (Expectations-Augmented)","\pi = \pi^e - \alpha(u - u^*) + \varepsilon","Inflation depends on expected inflation, unemployment gap, and supply shocks. No long-run tradeoff at u = u*."
Macroeconomics,"Okun's Law","\Delta Y = \bar{g} - \beta(u - u_{-1})","Empirical relationship between output growth and unemployment changes. Okun's coefficient β typically around 2-3."
Macroeconomics,"Quantity Theory of Money","MV = PY","Equation of exchange, foundation of monetarism. With constant velocity V, money supply changes cause proportional nominal GDP changes."
Macroeconomics,"Fisher Equation","i = r + \pi^e","Relates nominal interest rate to real rate and expected inflation. Fisher effect: nominal rate adjusts one-for-one with expected inflation."
Macroeconomics,"Taylor Rule","i_t = r^* + \pi_t + \alpha(\pi_t - \pi^*) + \beta(y_t - y^*)","Monetary policy rule for central bank interest rate setting. Original coefficients: α = β = 0.5. r* ≈ 2%."
Macroeconomics,"Solow Growth Model (Fundamental Equation)","\dot{k} = sf(k) - \delta k","Capital per worker grows when investment sf(k) exceeds depreciation δk. Converges to steady state where dk/dt = 0."
Macroeconomics,"Solow Steady State","sf(k^*) = (n + \delta)k^*","Steady-state condition with population growth. Investment per worker equals break-even investment. At k*, capital and output per worker are constant."
Macroeconomics,"Golden Rule of Capital Accumulation","f'(k_{gold}) = n + \delta","Optimal steady-state capital stock that maximizes consumption per capita. Marginal product of capital equals effective depreciation rate."
Macroeconomics,"Ramsey-Cass-Koopmans Euler Equation","\frac{\dot{c}}{c} = \frac{1}{\theta}[f'(k) - \delta - \rho]","Consumption grows when return on capital exceeds discount rate. Foundation of DSGE models. θ = relative risk aversion, ρ = time preference."
Macroeconomics,"Bellman Equation (Dynamic Programming)","V(k) = \max_{k'} \left\{ u(f(k) - k' + (1-\delta)k) + \beta V(k') \right\}","Value function satisfies recursive relationship. Envelope theorem yields Euler equation. Foundation of computational macro."
Macroeconomics,"New Keynesian Phillips Curve","\pi_t = \beta \mathbb{E}_t[\pi_{t+1}] + \kappa \tilde{y}_t","NKPC derived from Calvo pricing. Current inflation depends on expected future inflation and output gap. Core of NK DSGE models."
Macroeconomics,"Uncovered Interest Parity (UIP)","i_t - i_t^* = \mathbb{E}_t[s_{t+1}] - s_t","Interest rate differential equals expected depreciation. No arbitrage for international bonds without hedging."
Macroeconomics,"Covered Interest Parity (CIP)","i_t - i_t^* = f_t - s_t","Interest rate differential equals forward premium/discount. Holds almost exactly in practice. Defines arbitrage-free forward rate."
Macroeconomics,"Purchasing Power Parity (PPP)","S_t = \frac{P_t}{P_t^*}","Absolute PPP: exchange rate equals ratio of price levels. Long-run anchor but fails short-run. Relative PPP: Δs = π - π*."
Macroeconomics,"Permanent Income Hypothesis","C_t = r \cdot W_t = r \left( A_t + \sum_{s=0}^{\infty} \frac{Y_{t+s}}{(1+r)^s} \right)","Friedman's PIH: consumption equals annuity value of total wealth. Consumption smoothing over lifetime."
Macroeconomics,"DSGE Household Euler Equation","u'(C_t) = \beta \mathbb{E}_t \left[ u'(C_{t+1}) \frac{1+r_{t+1}}{\Pi_{t+1}} \right]","Marginal utility today equals expected discounted marginal utility tomorrow adjusted for real return. Π = gross inflation."
Macroeconomics,"Aggregate Demand (New Keynesian IS)","\tilde{y}_t = \mathbb{E}_t[\tilde{y}_{t+1}] - \frac{1}{\sigma}(i_t - \mathbb{E}_t[\pi_{t+1}] - r^n)","Dynamic IS curve. Output gap depends negatively on real interest rate gap. Core of three-equation NK model."
Macroeconomics,"Solow Residual (TFP Measurement)","\log A_t = \log Y_t - \alpha \log K_t - (1-\alpha) \log L_t","Measures total factor productivity as part of output growth not explained by input growth. Used in growth accounting."
Finance & Asset Pricing,"Present Value","PV = \frac{FV}{(1 + r)^t}","Fundamental time value of money formula. Present value of future cash flow discounted at rate r."
Finance & Asset Pricing,"Net Present Value","NPV = \sum_{t=0}^{T} \frac{C_t}{(1 + r)^t}","Sum of discounted cash flows. Investment decision rule: accept if NPV > 0."
Finance & Asset Pricing,"Internal Rate of Return","0 = \sum_{t=0}^{T} \frac{C_t}{(1 + IRR)^t}","Discount rate that makes NPV equal to zero. Decision rule: accept if IRR > required return."
Finance & Asset Pricing,"Continuous Compounding","A = P e^{rt}","Limit of compound interest as compounding frequency approaches infinity. Used in derivatives pricing."
Finance & Asset Pricing,"Bond Pricing","P = \sum_{t=1}^{T} \frac{C}{(1 + y)^t} + \frac{F}{(1 + y)^T}","Present value of coupon payments plus face value. Inverse relationship between price and yield."
Finance & Asset Pricing,"Duration (Macaulay)","D_{Mac} = \frac{1}{P} \sum_{t=1}^{T} t \cdot \frac{C_t}{(1 + y)^t}","Weighted average time to receive cash flows. Measures interest rate sensitivity. First-order approximation to price change."
Finance & Asset Pricing,"Modified Duration","D_{Mod} = \frac{D_{Mac}}{1 + y}","Sensitivity of bond price to parallel yield shift. Approximation: ΔP/P ≈ -D_Mod · Δy."
Finance & Asset Pricing,"Convexity","C = \frac{1}{P} \sum_{t=1}^{T} \frac{t(t+1) \cdot C_t}{(1 + y)^{t+2}}","Second-order sensitivity of bond price to yield changes. Improved approximation: ΔP/P ≈ -D_Mod · Δy + (1/2) · C · (Δy)²."
Finance & Asset Pricing,"Stochastic Discount Factor","P_t = E_t[M_{t+1} X_{t+1}]","Fundamental asset pricing equation. Price equals expected discounted payoff under physical measure. M is unique SDF under complete markets."
Finance & Asset Pricing,"Risk-Neutral Pricing","V_t = e^{-r(T-t)} E_t^{\mathbb{Q}}[V_T]","Derivative value as discounted expected payoff under risk-neutral measure. All assets earn risk-free rate under Q."
Finance & Asset Pricing,"Mean-Variance Portfolio Optimization","\min_w \quad w^T \Sigma w \quad \text{s.t.} \quad w^T \mu = \mu_p, \; w^T \mathbf{1} = 1","Markowitz portfolio selection. Minimize variance for target expected return. Foundation of modern portfolio theory."
Finance & Asset Pricing,"Minimum Variance Portfolio","w_{MVP} = \frac{\Sigma^{-1} \mathbf{1}}{\mathbf{1}^T \Sigma^{-1} \mathbf{1}}","Portfolio with lowest possible variance. Unique solution at base of efficient frontier. Does not depend on expected returns."
Finance & Asset Pricing,"Market Portfolio Weights","w_M = \frac{\Sigma^{-1} (\mu - r_f \mathbf{1})}{\mathbf{1}^T \Sigma^{-1} (\mu - r_f \mathbf{1})}","Tangency portfolio weights in presence of risk-free asset. Maximizes Sharpe ratio. In CAPM equilibrium, this is market portfolio."
Finance & Asset Pricing,"CAPM (Capital Asset Pricing Model)","E[R_i] = R_f + \beta_i (E[R_M] - R_f)","Equilibrium relation between expected return and systematic risk. Beta measures sensitivity to market portfolio."
Finance & Asset Pricing,"Security Market Line","E[R_i] - R_f = \beta_i (E[R_M] - R_f)","CAPM in excess return form. Linear relationship between beta and expected excess return."
Finance & Asset Pricing,"Fama-French Three-Factor Model","E[R_i] - R_f = \beta_{i,M} (E[R_M] - R_f) + \beta_{i,SMB} E[SMB] + \beta_{i,HML} E[HML]","Extended CAPM with size and value factors. SMB = Small Minus Big, HML = High Minus Low."
Finance & Asset Pricing,"Arbitrage Pricing Theory (APT)","E[R_i] = R_f + \sum_{k=1}^{K} \beta_{i,k} \lambda_k","Multifactor model with K systematic risk factors. Expected return linear in factor betas."
Finance & Asset Pricing,"Sharpe Ratio","SR = \frac{E[R_p] - R_f}{\sigma_p}","Excess return per unit of total risk. Measures risk-adjusted performance. Maximized by tangency portfolio."
Finance & Asset Pricing,"Treynor Ratio","TR = \frac{E[R_p] - R_f}{\beta_p}","Excess return per unit of systematic risk. Appropriate for well-diversified portfolios."
Finance & Asset Pricing,"Jensen's Alpha","\alpha_i = E[R_i] - \left( R_f + \beta_i (E[R_M] - R_f) \right)","Excess return above CAPM prediction. Positive alpha indicates outperformance."
Finance & Asset Pricing,"Information Ratio","IR = \frac{E[R_p - R_B]}{\sigma(R_p - R_B)}","Active return per unit of active risk (tracking error). Measures manager skill relative to benchmark."
Finance & Asset Pricing,"Hansen-Jagannathan Bound","\frac{\sigma(M)}{\mathbb{E}[M]} \geq \frac{|E[R_e]|}{\sigma(R_e)}","Lower bound on SDF volatility from observed asset returns. Any valid SDF must satisfy this inequality."
Quantitative Methods,"Newton-Raphson Method","x_{n+1} = x_n - \frac{f(x_n)}{f'(x_n)}","Iterative root-finding algorithm. Quadratic convergence near simple roots. Used in implied volatility calculation."
Quantitative Methods,"Bisection Method","x_{n+1} = \frac{a_n + b_n}{2}","Robust root-finding via interval bisection. Guarantees convergence if f continuous and f(a_0)f(b_0) < 0. Linear convergence."
Quantitative Methods,"Numerical Integration (Simpson's Rule)","\int_a^b f(x) dx \approx \frac{h}{3} \left[ f(x_0) + 4\sum_{i=1,3,5,...}^{n-1} f(x_i) + 2\sum_{i=2,4,6,...}^{n-2} f(x_i) + f(x_n) \right]","Quadratic interpolation for higher accuracy. Error O(h⁴). Requires even n. h = (b-a)/n. Preferred for option pricing."
Quantitative Methods,"Monte Carlo Integration","\int_{\Omega} f(x) dx \approx \frac{|\Omega|}{N} \sum_{i=1}^N f(x_i), \quad x_i \sim \text{Uniform}(\Omega)","Estimates integral by averaging at random points. Convergence O(N^{-1/2}) regardless of dimension. Effective for high-dimensional derivative pricing."
Quantitative Methods,"Importance Sampling","\mathbb{E}_p[f(X)] = \int f(x) \frac{p(x)}{q(x)} q(x) dx \approx \frac{1}{N} \sum_{i=1}^N f(x_i) w_i","Variance reduction via proposal distribution q. w_i = p(x_i)/q(x_i) are importance weights. Used in rare event simulation."
Quantitative Methods,"Kalman Filter (Prediction)","\hat{x}_{t|t-1} = F_t \hat{x}_{t-1|t-1} + B_t u_t, \quad P_{t|t-1} = F_t P_{t-1|t-1} F_t^T + Q_t","Predicts state and covariance using transition model. Optimal for linear Gaussian systems. Used in macro forecasting."
Quantitative Methods,"Kalman Filter (Update)","K_t = P_{t|t-1} H_t^T (H_t P_{t|t-1} H_t^T + R_t)^{-1}","Kalman gain determines how much to trust observation vs prediction. Minimizes MSE for linear Gaussian systems."
Quantitative Methods,"Principal Component Analysis","\max_{w: \|w\|=1} \text{Var}(X w) = \max_{w: \|w\|=1} w^T \Sigma w","Finds orthogonal directions of maximum variance. Solution: eigenvectors of covariance matrix Σ. Used in factor construction."
Quantitative Methods,"Gradient Descent Update","\theta_{t+1} = \theta_t - \alpha \nabla_\theta L(\theta_t)","Iterative update in steepest descent direction. Converges to local minimum for convex L with appropriate learning rate α."
Quantitative Methods,"Stochastic Gradient Descent","\theta_{t+1} = \theta_t - \alpha_t \nabla_\theta L_i(\theta_t)","Updates using single sample gradient. Enables online learning. Requires decaying learning rate for convergence."
Quantitative Methods,"Backpropagation (Chain Rule)","\frac{\partial L}{\partial W^{(l)}} = \frac{\partial L}{\partial a^{(l+1)}} \frac{\partial a^{(l+1)}}{\partial z^{(l+1)}} \frac{\partial z^{(l+1)}}{\partial W^{(l)}}","Computes gradients efficiently via backward error propagation. Enables deep network training. Foundation for neural networks."
Quantitative Methods,"Logistic Regression (Sigmoid)","P(Y=1|x) = \sigma(w^T x + b) = \frac{1}{1 + e^{-(w^T x + b)}}","Models binary outcome probability via sigmoid. Convex log-likelihood enables global optimization. Used in default prediction."
Quantitative Methods,"Softmax Function","P(Y=k|x) = \frac{e^{z_k}}{\sum_{j=1}^K e^{z_j}}","Generalizes logistic to multi-class. Outputs probability distribution over K classes. Used in credit rating classification."
Quantitative Methods,"Cross-Entropy Loss","L = -\frac{1}{n} \sum_{i=1}^n \sum_{k=1}^K y_{ik} \log(\hat{y}_{ik})","Measures dissimilarity between true and predicted distributions. Equivalent to negative log-likelihood. Penalizes confident wrong predictions."
Quantitative Methods,"Ridge Regression (L2 Regularization)","\hat{\beta}_{\text{ridge}} = \arg\min_\beta \left\{ \|y - X\beta\|^2 + \lambda \|\beta\|^2 \right\} = (X^T X + \lambda I)^{-1} X^T y","Quadratic penalty prevents overfitting. Closed-form solution always exists. Shrinks coefficients toward zero but never to exact zero."
Quantitative Methods,"Lasso Regression (L1 Regularization)","\hat{\beta}_{\text{lasso}} = \arg\min_\beta \left\{ \frac{1}{2n} \|y - X\beta\|^2 + \lambda \|\beta\|_1 \right\}","L1 penalty induces sparsity. Performs simultaneous estimation and variable selection. Used in factor selection."
Quantitative Methods,"Elastic Net","\hat{\beta} = \arg\min_\beta \left\{ \frac{1}{2n} \|y - X\beta\|^2 + \lambda \left( \alpha \|\beta\|_1 + \frac{1-\alpha}{2} \|\beta\|^2 \right) \right\}","Combines L1 and L2 penalties. Encourages grouping effect for correlated variables. α ∈ [0,1] balances L1/L2."
Quantitative Methods,"MCMC Metropolis-Hastings Acceptance","\alpha(x^*, x^{(t)}) = \min\left\{1, \frac{p(x^*) q(x^{(t)} | x^*)}{p(x^{(t)}) q(x^* | x^{(t)})} \right\}","Generates posterior samples via accept/reject. Detailed balance ensures correct stationary distribution. Used in Bayesian inference."
Quantitative Methods,"Gibbs Sampling","x_j^{(t+1)} \sim p(x_j | x_1^{(t+1)}, \ldots, x_{j-1}^{(t+1)}, x_{j+1}^{(t)}, \ldots, x_d^{(t)})","Special MCMC sampling each variable from full conditional. Acceptance always 1. Used in hierarchical models."
Quantitative Methods,"Expectation-Maximization Algorithm","Q(\theta | \theta^{(t)}) = \mathbb{E}_{Z|X,\theta^{(t)}}[\log p(X,Z|\theta)], \quad \theta^{(t+1)} = \arg\max_\theta Q(\theta | \theta^{(t)})","Iterative estimation in latent variable models. E-step computes expected log-likelihood. M-step maximizes. Used in Gaussian mixture models."
Derivatives & Fixed Income,"Forward Price","F_0 = S_0 e^{(r-q)T}","No-arbitrage forward price for asset with continuous dividend yield. Derived from cash-and-carry arbitrage."
Derivatives & Fixed Income,"Put-Call Parity","C_t + Ke^{-r(T-t)} = P_t + S_t","Fundamental relationship between European call and put prices with same strike and maturity. Violation creates arbitrage."
Derivatives & Fixed Income,"Geometric Brownian Motion","dS_t = \mu S_t dt + \sigma S_t dW_t","Stochastic differential equation modeling asset price dynamics. Foundation of modern derivatives pricing. Ensures positive prices."
Derivatives & Fixed Income,"Black-Scholes PDE","\frac{\partial V}{\partial t} + rS\frac{\partial V}{\partial S} + \frac{1}{2}\sigma^2 S^2 \frac{\partial^2 V}{\partial S^2} = rV","Partial differential equation governing European option prices. Derived via Itô's lemma and delta-hedging."
Derivatives & Fixed Income,"Black-Scholes Call Option Price","C = S_0 e^{-qT} N(d_1) - K e^{-rT} N(d_2)","Closed-form solution for European call. d_1 = [ln(S_0/K) + (r - q + σ²/2)T]/(σ√T), d_2 = d_1 - σ√T."
Derivatives & Fixed Income,"Black-Scholes Put Option Price","P = K e^{-rT} N(-d_2) - S_0 e^{-qT} N(-d_1)","Closed-form solution for European put. Alternatively derivable from put-call parity."
Derivatives & Fixed Income,"Delta (Option Greek)","\Delta = \frac{\partial V}{\partial S}","First derivative of option value with respect to underlying price. Hedge ratio for delta-neutral position."
Derivatives & Fixed Income,"Gamma (Option Greek)","\Gamma = \frac{\partial^2 V}{\partial S^2} = \frac{\partial \Delta}{\partial S}","Second derivative; rate of change of delta. Measures curvature and hedging error from discrete rebalancing."
Derivatives & Fixed Income,"Theta (Option Greek)","\Theta = \frac{\partial V}{\partial t}","Time decay of option value. Typically negative for long options. Related to gamma via BS PDE."
Derivatives & Fixed Income,"Vega (Option Greek)","\nu = \frac{\partial V}{\partial \sigma}","Sensitivity to volatility changes. Always positive for long vanilla options. Peaks at-the-money."
Derivatives & Fixed Income,"Itô's Lemma","dF = \left(\frac{\partial F}{\partial t} + \mu S \frac{\partial F}{\partial S} + \frac{1}{2}\sigma^2 S^2 \frac{\partial^2 F}{\partial S^2}\right)dt + \sigma S \frac{\partial F}{\partial S} dW_t","Fundamental result in stochastic calculus; chain rule for Itô processes. Foundation for BS PDE derivation."
Derivatives & Fixed Income,"Girsanov Theorem","dW_t^{\mathbb{Q}} = dW_t^{\mathbb{P}} + \theta_t dt","Enables change between probability measures via drift adjustment. Market price of risk θ = (μ - r)/σ. Foundation for risk-neutral pricing."
Derivatives & Fixed Income,"Feynman-Kac Formula","V(S,t) = \mathbb{E}^{\mathbb{Q}}\left[e^{-\int_t^T r(s)ds} g(S_T) \bigg| S_t = S\right]","Links PDEs to stochastic expectations. Solution to parabolic PDEs expressible as conditional expectation. Enables Monte Carlo pricing."
Derivatives & Fixed Income,"Binomial Option Pricing Model","V_0 = e^{-rT} \sum_{k=0}^n \binom{n}{k} p^k (1-p)^{n-k} \max(S_0 u^k d^{n-k} - K, 0)","Discrete-time lattice model. Risk-neutral probability p = (e^{rΔt} - d)/(u - d). Converges to Black-Scholes as n→∞."
Derivatives & Fixed Income,"Vasicek Model","dr_t = \kappa(\theta - r_t)dt + \sigma dW_t","Mean-reverting Ornstein-Uhlenbeck process for short rate. First equilibrium interest rate model. Closed-form bond pricing."
Derivatives & Fixed Income,"Cox-Ingersoll-Ross Model","dr_t = \kappa(\theta - r_t)dt + \sigma\sqrt{r_t} dW_t","Mean-reverting square-root diffusion for short rate. Ensures non-negative rates if 2κθ ≥ σ² (Feller condition)."
Derivatives & Fixed Income,"Hull-White Model","dr_t = [\theta(t) - \kappa r_t]dt + \sigma dW_t","Extended Vasicek with time-dependent mean. Fits current yield curve exactly. Used for Bermudan swaptions."
Derivatives & Fixed Income,"Heath-Jarrow-Morton Framework","df(t,T) = \alpha(t,T)dt + \sigma(t,T)dW_t","Models evolution of entire forward rate curve. Drift determined by volatility via no-arbitrage. General term structure framework."
Derivatives & Fixed Income,"Black's Model (Caplet)","\text{Caplet} = \tau P(0,T_{i+1}) [L_i N(d_1) - K N(d_2)]","Market standard for pricing interest rate caplets. d_1 = [ln(L_i/K) + σ²T_i/2]/(σ√T_i), d_2 = d_1 - σ√T_i."
Derivatives & Fixed Income,"Swaption Pricing (Black's Formula)","V_{\text{payer}} = P(0,T_0) \cdot A(T_0,T_n) [S_{0,n}(0) N(d_1) - K N(d_2)]","Payer swaption: option to enter swap at future time T_0 paying fixed K. A = swap annuity. Used for callable bonds."
Derivatives & Fixed Income,"Credit Default Swap Pricing","V_{CDS} = \sum_{i=1}^n P(0,T_i) Q(T_i) (1 - R) - s \sum_{i=1}^n \tau_i P(0,T_i) [1 - Q(T_i)]","Value to protection buyer. First term = protection leg, second term = premium leg. At par, spread s chosen so V_CDS = 0."
Derivatives & Fixed Income,"Merton's Structural Model","E = V_0 N(d_1) - D e^{-rT} N(d_2)","Treats equity as call option on firm value V with strike equal to debt D. Firm defaults if V_T < D."
Derivatives & Fixed Income,"Heston Stochastic Volatility Model","dS_t = \mu S_t dt + \sqrt{v_t} S_t dW_t^S, \quad dv_t = \kappa(\theta - v_t)dt + \xi \sqrt{v_t} dW_t^v","Two-factor model with stochastic variance. Correlation ρ between W^S and W^v generates volatility smile."
Derivatives & Fixed Income,"SABR Model","dF_t = \alpha_t F_t^\beta dW_t^F, \quad d\alpha_t = \nu \alpha_t dW_t^\alpha","Stochastic Alpha Beta Rho for forward rates. β = CEV exponent. Industry standard for rates and FX."
Derivatives & Fixed Income,"Local Volatility (Dupire)","\sigma_{local}^2(K,T) = \frac{\frac{\partial C}{\partial T} + (r-q)K\frac{\partial C}{\partial K} + qC}{\frac{1}{2}K^2\frac{\partial^2 C}{\partial K^2}}","Dupire's formula for local volatility implied by market option prices. Unique diffusion that fits implied volatility surface."
Derivatives & Fixed Income,"Value at Risk (Parametric)","VaR_\alpha = -(\mu \Delta t - \sigma \sqrt{\Delta t} \, \Phi^{-1}(1-\alpha))","Maximum expected loss over time horizon Δt at confidence level α. Basel regulatory capital based on 10-day 99% VaR."
Derivatives & Fixed Income,"Expected Shortfall (CVaR)","ES_\alpha = \mathbb{E}[L \mid L \geq VaR_\alpha] = \frac{1}{\alpha}\int_0^\alpha VaR_u \, du","Conditional VaR: expected loss given loss exceeds VaR threshold. Coherent risk measure (satisfies subadditivity). Basel III uses ES."
