Title,Equation,Main_Category,Notes
State Price Density Process,œÄ_t = e^{-rt} Œ∂_t,Stochastic Calculus,## Enhanced Notes for œÄ_t = e^{-rt} Œ∂_t

**State Price Density Process**: The state price density process represents the fundamental pricing mechanism in continuous-time finance, defining how contingent claims are valued under the risk-neutral measure. Here, œÄ_t denotes the state price density at time t, r represents the risk-free interest rate (assumed constant for simplicity), and Œ∂_t is the stochastic discount factor or pricing kernel.

### Mathematical Foundation and Derivation

The state price density process emerges from the fundamental theorem of asset pricing, which establishes that a market is arbitrage-free if and only if there exists an equivalent martingale measure (EMM) under which all discounted asset prices are martingales. Under this EMM (often the risk-neutral measure Q), the state price density œÄ_t provides the bridge between physical and risk-neutral pricing.

Starting from the fundamental relationship that the price of any contingent claim X at time 0 is given by:
$$P_0(X) = \mathbb{E}^Q[e^{-\int_0^T r_s ds} X_T]$$

The state price density can be derived by considering the pricing of elementary Arrow-Debreu securities. An Arrow-Debreu security pays 1 unit if a specific state œâ occurs at time T and 0 otherwise. The price of such a security at time t is:
$$œÄ_t(œâ) = \mathbb{E}^Q[e^{-\int_t^T r_s ds} | \mathcal{F}_t](œâ)$$

This leads to the representation:
$$œÄ_t = e^{-\int_0^t r_s ds} Œ∂_t$$

where Œ∂_t is the pricing kernel process satisfying:
$$Œ∂_t = \mathbb{E}^Q[e^{-\int_0^t r_s ds} | \mathcal{F}_t]$$

The pricing kernel Œ∂_t is typically modeled as:
$$dŒ∂_t = -r_t Œ∂_t dt - Œ∂_t dM_t$$

where M_t is a martingale under the physical measure, ensuring that discounted prices are martingales under the risk-neutral measure.

### Key Assumptions and Limitations

The state price density framework relies on several critical assumptions:

1. **Market Completeness**: The model assumes that all contingent claims can be perfectly replicated through dynamic trading in underlying assets, requiring a complete market with no arbitrage opportunities.

2. **Frictionless Markets**: Transaction costs, liquidity constraints, and market impact are assumed away. In reality, these frictions can significantly affect pricing and hedging strategies.

3. **Constant Risk-Free Rate**: The derivation assumes r is constant. Variable interest rates (stochastic r_t) require more complex formulations involving the savings account process B_t = exp(‚à´r_s ds).

4. **Equivalent Martingale Measure**: The existence of an EMM requires the absence of arbitrage but not necessarily market completeness. In incomplete markets, multiple EMMs may exist, leading to non-unique pricing.

5. **Information Filtration**: The process assumes perfect information flow through the filtration (‚Ñ±_t), but real markets face asymmetric information, insider trading, and delayed price discovery.

### Practical Applications in Finance

The state price density process serves as the cornerstone for derivative pricing and risk management:

**Derivative Pricing**: All options and exotic derivatives are priced using the risk-neutral expectation. For instance, a European call option becomes:
$$C_0 = e^{-rT} \mathbb{E}^Q[(S_T - K)^+] = \int (S_T - K)^+ œÄ_T d\mathbb{P}^Q$$

**Risk-Neutral Valuation**: The process enables consistent pricing across all asset classes, from equities and commodities to interest rates and credit products.

**Hedging Strategies**: The pricing kernel informs delta-hedging approaches. The hedge ratio for a derivative is derived from the sensitivity of the pricing kernel to underlying factors.

**Asset Allocation**: Portfolio optimization uses state prices to determine efficient frontiers, where the pricing kernel represents aggregate risk preferences.

**Credit Risk Modeling**: In structural models like Merton (1974), the pricing kernel incorporates default risk through the firm's value process.

**Real Options Analysis**: Corporate finance applications use state prices to value investment opportunities with embedded options.

### Related Concepts and Extensions

The state price density connects to several foundational concepts:

**Pricing Kernel vs. Stochastic Discount Factor**: While often used interchangeably, the pricing kernel typically refers to Œ∂_t, while the state price density includes the deterministic discount factor.

**Fundamental Theorem Extensions**: Harrison and Kreps (1979) extended the theorem to semimartingale models, while Harrison and Pliska (1981) generalized to countable state spaces.

**Market Price of Risk**: The pricing kernel's dynamics reveal the market price of risk Œª_t, where dM_t = Œª_t dt + dW_t^Q, connecting to CAPM and consumption-based asset pricing.

**Multi-Asset Extensions**: In multi-dimensional models, the pricing kernel becomes vector-valued, requiring careful specification of correlation structures.

**Jump-Diffusion Models**: Extensions incorporating Poisson jumps (Merton 1976) modify the pricing kernel to include discontinuous components.

**Local Volatility Models**: Dupire (1994) showed that European option prices uniquely determine the local volatility function, which relates directly to state price dynamics.

**Stochastic Volatility**: Models like Heston (1993) introduce stochastic volatility in the pricing kernel, improving fit to observed option surfaces.

### Implementation Considerations

Practical implementation requires careful consideration of several factors:

**Numerical Methods**: Monte Carlo simulation under the risk-neutral measure is most common, requiring discretization of the pricing kernel process. For high-dimensional problems, quasi-Monte Carlo or variance reduction techniques improve efficiency.

**Calibration Challenges**: The pricing kernel must be calibrated to observed market prices. This involves solving inverse problems to match option surfaces, yield curves, and other market observables.

**Model Risk**: Different pricing kernel specifications (lognormal, exponential, etc.) can lead to significantly different valuations, especially for exotic products.

**Computational Complexity**: High-dimensional state spaces require efficient approximation methods. Fast Fourier transforms (FFT) can accelerate pricing for certain model classes.

**Parameter Estimation**: Historical data provides physical measure parameters, but risk-neutral parameters must be inferred from market prices, creating potential overfitting risks.

**Stability Issues**: Numerical implementation must handle potential instabilities in the pricing kernel, particularly near singularities or when the market price of risk becomes extreme.

The state price density process remains the unifying framework for modern quantitative finance, providing both theoretical elegance and practical pricing power across derivative instruments.
Risk-Neutral Valuation Fundamental Theorem,V(t S) = e^{-r(T-t)} ùîº^‚Ñö[Œ¶(S_T)|S_t = S],Stochastic Calculus,The fundamental theorem of asset pricing stating that any derivative price equals the discounted expected payoff under the risk-neutral measure. **Mathematical Foundation**: For a claim Œ¶(S_T), the arbitrage-free price V(t,S) = e^{-r(T-t)} ùîº^‚Ñö[Œ¶(S_T)|‚Ñ±_t] where ‚Ñö is the risk-neutral measure. This follows from the existence of an equivalent martingale measure. **Key Assumptions**: Complete markets, no arbitrage, square-integrable payoffs, deterministic interest rates. **Practical Applications**: Foundation of modern derivatives pricing, risk management, hedging strategies, financial engineering. **Limitations**: Requires complete markets; may not hold in incomplete markets. **Implementation**: Monte Carlo simulation under risk-neutral dynamics. **Related Concepts**: Equivalent martingale measure; Girsanov theorem for measure change.
Merton Jump-Diffusion Jump Size Distribution,ln J_t ~ N(Œº_J œÉ_J¬≤) ÃÑŒº = e^{Œº_J + œÉ_J¬≤/2} - 1,Stochastic Calculus,Lognormal distribution for jump sizes in Merton's jump-diffusion model, capturing the magnitude of discontinuous price movements in asset prices. **Mathematical Foundation**: Jump sizes J_t have lognormal distribution ln J_t ~ N(Œº_J, œÉ_J¬≤), giving expected jump size ÃÑŒº = E[J_t] = e^{Œº_J + œÉ_J¬≤/2} - 1. The jump component adds leptokurtic features to return distributions. **Key Assumptions**: Independent lognormal jumps, constant jump parameters, Poisson arrival process. **Practical Applications**: Modeling extreme market moves, crash risk, earnings announcement effects, commodity price spikes. **Limitations**: Assumes specific distributional form; may not capture all empirical features. **Implementation**: Parameter estimation from historical jumps; simulation using inverse transform. **Related Concepts**: Double exponential jumps (Kou); infinite activity L√©vy processes.
CGMY L√©vy Process Characteristic Function,ŒΩ(dx) = C e^{-G|x|}/|x|^{1+Y} dx_{x<0} + C e^{-Mx}/x^{1+Y} dx_{x>0},Stochastic Calculus,The characteristic function component for the CGMY L√©vy process, a four-parameter model generalizing variance gamma processes with flexible jump behavior. **Mathematical Foundation**: The L√©vy measure ŒΩ(dx) = C e^{-G|x|}/|x|^{1+Y} dx for x<0 and C e^{-M x}/x^{1+Y} dx for x>0, where C > 0 controls jump intensity, G,M > 0 control decay rates, Y ‚àà (-1,2) controls jump activity. **Key Assumptions**: Infinite activity jumps for Y ‚àà (-1,0); finite activity for Y ‚àà (0,2). **Practical Applications**: Modeling asset returns with heavy tails, volatility clustering, derivative pricing under realistic dynamics. **Limitations**: Complex parameter estimation; numerical challenges for extreme parameters. **Implementation**: Fourier-based pricing methods; characteristic function simulation. **Related Concepts**: Variance gamma process (special case); tempered stable distributions.
Fokker-Planck Local Volatility PDE,‚àÇp/‚àÇt = -‚àÇ/‚àÇS[(r-q)Sp] + ¬Ω‚àÇ¬≤/‚àÇS¬≤[œÉ_{LV}¬≤ S¬≤ p],Stochastic Calculus,The Fokker-Planck equation describing the evolution of the probability density function under local volatility dynamics, the forward Kolmogorov equation for the transition density. **Mathematical Foundation**: For the SDE dS = (r-q)S dt + œÉ_LV(S,t) S dW, the Fokker-Planck equation ‚àÇp/‚àÇt = -‚àÇ/‚àÇS[Œº(S,t)p] + ¬Ω‚àÇ¬≤/‚àÇS¬≤[œÉ¬≤(S,t)p] describes how probability mass evolves over time. **Key Assumptions**: Deterministic local volatility function, Markovian dynamics, no jumps. **Practical Applications**: Implied volatility surface modeling, derivative pricing calibration, risk management, model validation. **Limitations**: Dupire's equation inversion numerically challenging; arbitrage issues possible. **Implementation**: Finite difference methods; Monte Carlo for calibration. **Related Concepts**: Dupire's local volatility formula; stochastic volatility Fokker-Planck equations.
Kolmogorov Forward Equation for Diffusions,‚àÇp(x t|x_0 t_0)/‚àÇt = -‚àÇ/‚àÇx[Œº(x|t)p] + ¬Ω‚àÇ¬≤/‚àÇx¬≤[œÉ¬≤(x|t)p],Stochastic Calculus,The forward Kolmogorov equation describing the evolution of the transition probability density for diffusion processes, fundamental to understanding stochastic process behavior. **Mathematical Foundation**: For the SDE dx = Œº(x,t) dt + œÉ(x,t) dW, the transition density p(x,t|x‚ÇÄ,t‚ÇÄ) satisfies ‚àÇp/‚àÇt = -‚àÇ/‚àÇx[Œº(x,t)p] + ¬Ω‚àÇ¬≤/‚àÇx¬≤[œÉ¬≤(x,t)p] with initial condition Œ¥(x-x‚ÇÄ). **Key Assumptions**: Time-homogeneous coefficients, twice continuously differentiable, appropriate boundary conditions. **Practical Applications**: Option pricing PDEs, interest rate models, credit risk modeling, computational finance. **Limitations**: Analytical solutions rare; numerical methods required for most cases. **Implementation**: Finite difference schemes; spectral methods for periodic boundaries. **Related Concepts**: Backward Kolmogorov equation for Feynman-Kac; master equation for jump processes.