Title,Equation,Main_Category,Notes
State Price Density Process,Ï€_t = e^{-rt} Î¶_t,Stochastic Calculus,State price density process under risk-neutral measure. Î¶_t represents the pricing kernel or stochastic discount factor.
Put Option Price (Black-Scholes),P_t = K e^{-r(T-t)} Î¦(-d_2) - S_t Î¦(-d_1),Option Pricing,Black-Scholes formula for European put option. d_1 and d_2 calculated using standard Black-Scholes parameters.
Risk-Neutral Density (Breeden-Litzenberger),"âˆ‚Â²C/âˆ‚KÂ² = e^{-rT} f(K,T)",Option Pricing,Extracts risk-neutral probability density from option prices. Second derivative of call price with respect to strike gives the implied density.
Put Option Price (Garman-Kohlhagen),P = K e^{-r_d T} Î¦(-d_2) - S_0 e^{-r_f T} Î¦(-d_1),Foreign Exchange,Black-Scholes extension for FX options with domestic and foreign interest rates. Used for currency options pricing.
Covered Interest Rate Parity,F_0 = S_0 e^{(r_d - r_f)T},Foreign Exchange,No-arbitrage relationship between spot and forward exchange rates. Fundamental relationship in international finance.
Risk-Neutral Valuation,V(t S) = e^{-r(T-t)} ğ”¼^â„š[Î¦(S_T)|S_t = S],Stochastic Calculus,Fundamental theorem of asset pricing. Any derivative price equals discounted expected payoff under risk-neutral measure.
Tranche Loss Valuation,Price_{market}[a d] = âˆ«(0 to T) e^{-rt} dğ”¼^â„š[L_[a d](t);Ï_a d],Credit Models,Market price of CDO tranche with attachment point a and detachment point d. Integrates discounted expected tranche losses over time.
CDO Protection Leg Valuation,PV(Protection) = N_0 âˆ«_0^T ğ”¼[e^{-âˆ«_0^t (r_s + Î»_s) ds}] dEL_t^{(A D)},Credit Models,Present value of protection leg for CDO tranche. Accounts for both interest rate and credit risk through stochastic discounting.
Jump-Diffusion Option Pricing,P(S_T > K|jumps) = Î£_{n=0}^âˆ (Î»T)^n e^{-Î»T}/n! * Î¦(d_n),Option Pricing,Option pricing under Merton jump-diffusion model. Sum over Poisson-distributed jump counts with adjusted Black-Scholes formulas.
Survival Probability,â„š(Ï„ > T) = ğ”¼^â„š[e^{-âˆ«_0^T Î»_s ds}],Credit Models,Probability of survival until time T under risk-neutral measure. Expressed as expectation of exponential integral of hazard rate process.
Lognormal Jump Size Distribution,ln J_t ~ N(Î¼_J Ïƒ_JÂ²) Ì„Î¼ = e^{Î¼_J + Ïƒ_JÂ²/2} - 1,Stochastic Calculus,The lognormal jump size distribution is a fundamental component of Merton's (1976) jump-diffusion model for asset pricing. **Mathematical Foundation**: The jump size J_t follows a lognormal distribution, meaning ln J_t ~ N(Î¼_J, Ïƒ_JÂ²). The expected jump size Ì„Î¼ = E[J_t] = e^{Î¼_J + Ïƒ_JÂ²/2} - 1 derives from the moment-generating property of lognormal distributions, where the mean of a lognormal random variable X = e^Y with Y ~ N(Î¼,ÏƒÂ²) is E[X] = e^{Î¼ + ÏƒÂ²/2}. This formulation ensures jump sizes are always positive and can capture large market movements while maintaining analytical tractability. **Theoretical Basis**: In the Merton model, asset returns follow dS/S = (r - Î»Ì„Î¼)dt + ÏƒdW + (J-1)dN, where Î» is jump intensity and N is a Poisson process. The lognormal specification allows for fat-tailed return distributions that better match empirical observations than pure diffusion models. The drift adjustment (r - Î»Ì„Î¼) compensates for the expected jump impact to maintain risk-neutral pricing. **Key Assumptions**: Jump sizes are independent of the diffusion process and occur at Poisson arrival times. All jumps are multiplicative (percentage changes) rather than additive. The model assumes constant parameters and ignores stochastic volatility-jump interactions. **Limitations**: Underestimates extreme tail events (jumps are too small); cannot capture time-varying jump intensity or volatility smiles in implied volatility surfaces; assumes jumps are uncorrelated with diffusion volatility, which empirical evidence suggests may not hold. **Practical Applications**: Used in volatility modeling for equity indices and individual stocks to capture crash risk; essential for pricing exotic options with barrier or lookback features that are sensitive to large moves; employed in risk management for Value-at-Risk calculations under extreme market conditions; forms basis for more advanced models like Bates (1996) stochastic volatility with jumps. **Related Concepts**: Extends to compound Poisson processes with lognormal jumps; foundation for LÃ©vy process models including Variance Gamma and Normal Inverse Gaussian; connects to catastrophe modeling in insurance where jump sizes represent large loss events; generalizes to time-changed LÃ©vy processes in models like Carr-Wu finite activity approximations. **Implementation Considerations**: Parameters (Î¼_J, Ïƒ_JÂ², Î») estimated via maximum likelihood using historical return data with filtering to identify jump components; numerical methods like Fast Fourier Transform accelerate option pricing when analytical solutions exist; calibration challenges arise from identifiability issues between diffusion and jump parameters; Monte Carlo simulation requires careful discretization of jump times to avoid bias in path-dependent options.
Joint Default Probability,P(Ï„_i â‰¤ t for all i âˆˆ S) = Î¦_S({Î¦^{-1}(1 - e^{-h_i t})}_{iâˆˆS};{âˆš{Ï_i Ï_j}}_{i jâˆˆS}),Credit Models,Probability of joint default for a set of obligors using Gaussian copula framework. Correlation structure captured through systematic factor.
Fourier Transform Option Pricing,C(K) = S_0 - e^{-rT}K/Ï€ âˆ«_0^âˆ Re[e^{-iuk} Ï†(u - i/2)] / (uÂ² + 1/4) du,Option Pricing,Option pricing via Fourier transform methods when characteristic function Ï†(u) is known. Efficient for models with closed-form characteristic functions.
Tranche Spread Valuation,s_{A D} N_0 (D - A) âˆ«_0^T ğ”¼[e^{-âˆ«_0^t r_s ds}] dt = N_0 âˆ«_0^T ğ”¼[e^{-âˆ«_0^t r_s ds} dL_t^{(A D)}],Credit Models,Equilibrium condition equating premium leg to protection leg for CDO tranche. Fundamental pricing relationship for synthetic CDOs.
Optimal Storage Valuation,V = max_{q_i âˆˆ [q_{min} q_{max}]} ğ”¼^â„š[âˆ‘_{i=1}^N e^{-r t_i} q_i (S_{t_i} - K)],Commodities,Optimal valuation of commodity storage facilities. Maximizes expected discounted cash flows from storage operations under constraints.
CGMY Process Characteristic,Î½(dx) = C e^{-G|x|}/|x|^{1+Y} dx_{x<0} + C e^{-Mx}/x^{1+Y} dx_{x>0},Stochastic Calculus,CGMY LÃ©vy process characteristic function component. Generalizes variance gamma model with four parameters controlling jump behavior.
Second Tranche Spread,s^{(2)}_{A^{(2)} D^{(2)}} = ğ”¼[âˆ«_0^T e^{-rt} dEL_t^{(2)}]/[âˆ«_0^T e^{-rt} dt N_0^{(2)} (D^{(2)} - A^{(2)})],Credit Models,Pricing formula for second-loss tranche in CDO structure. Similar to first-loss but with different attachment/detachment points.
Heston Characteristic Function,Ï†(u) = ğ”¼[e^{iu ln(S_T)}] = exp(iu ln(S_0) + iu(r - ÏƒÂ²/2 - Î»Îº)T - uÂ²ÏƒÂ²T/2 + Î»T(e^{iuÎ¼_J - uÂ²Î´Â²/2} - 1)),Option Pricing,Characteristic function for Heston stochastic volatility model with jumps. Enables Fourier-based option pricing methods. Also expressed in affine form: Ï†(u t v) = ğ”¼^â„š[e^{iu ln S_T}|v_t = v] = e^{C(t) + D(t)v + iu ln S_t} where C(t) and D(t) satisfy Riccati equations.
CDS Par Spread,s = (1-R) âˆ«_0^T P(0 t) Î»(t) e^{-âˆ«_0^t Î»(u)du} dt / âˆ«_0^T P(0 t) e^{-âˆ«_0^t Î»(u)du} dt,Credit Models,Par spread for credit default swap equating premium leg to protection leg. Expresses credit spread in terms of hazard rate and discount factors. Alternative notation: S = (1-R) âˆ« e^{-rt} Q(t) Î»(t) dt / âˆ« e^{-rt} Q(t) dt where Q(t) represents survival probability.
Basket Moment Matching,For moment matching to lognormal: ğ”¼[S_T^Basket] = e^{Î¼ + ÏƒÂ²/2} and ğ”¼[(S_T^Basket)Â²] = e^{2Î¼ + 2ÏƒÂ²},Option Pricing,Moment matching approximation for basket options. Matches first two moments of basket to equivalent lognormal distribution for pricing.
Discount Factor Relationships,DF(t T) = P(t T) = 1/(1+y(T-t))^{T-t} = exp(-r(T-t)),Fixed Income,Equivalence between discount factors bond prices and different compounding conventions. Fundamental relationship in fixed income mathematics.
Fokker-Planck Equation,âˆ‚p/âˆ‚t = -âˆ‚/âˆ‚S[(r-q)Sp] + Â½âˆ‚Â²/âˆ‚SÂ²[Ïƒ_{LV}Â² SÂ² p],Stochastic Calculus,The Fokker-Planck equation represents the forward Kolmogorov equation for the evolution of probability density in diffusion processes, particularly under local volatility dynamics. **Mathematical Foundation**: Derived from ItÃ´'s lemma applied to the stochastic differential equation dS = (r-q)S dt + Ïƒ_LV(S,t) S dW, where Ïƒ_LV(S,t) is the deterministic local volatility function. The equation âˆ‚p/âˆ‚t = -âˆ‚/âˆ‚S[Î¼(S,t)p] + Â½âˆ‚Â²/âˆ‚SÂ²[ÏƒÂ²(S,t)p] describes how probability mass flows through state space, with the drift term -(r-q)S representing the risk-neutral drift and the diffusion term Â½Ïƒ_LVÂ²(S,t)SÂ² representing volatility-induced spreading. **Theoretical Basis**: As the forward Kolmogorov equation, it governs the time evolution of the transition density p(S,t|Sâ‚€,tâ‚€), satisfying the Chapman-Kolmogorov equation and providing the foundation for Dupire's local volatility formula. **Key Assumptions**: Local volatility is a deterministic function of spot price S and time t; the process is Markovian with continuous paths; no jumps or discontinuities; complete markets under risk-neutral measure; twice continuously differentiable coefficients. **Limitations**: Assumes deterministic volatility (inconsistent with observed stochastic volatility in markets); numerical instability in Dupire's equation inversion; potential arbitrage opportunities if calibrated volatility violates no-arbitrage constraints; breaks down near maturity or extreme strikes; limited applicability to multi-asset or jump-diffusion models. **Practical Applications in Finance**: Central to local volatility modeling for reproducing observed implied volatility surfaces; enables calibration of option pricing models to market data; used in exotic option pricing where Black-Scholes assumptions fail; supports risk management through scenario analysis of probability distributions; facilitates model validation by comparing theoretical vs market-implied densities; enables volatility surface interpolation for unquoted strikes/maturity combinations. **Trading Strategies**: Local volatility models help identify mispriced options by comparing model prices with market quotes; support volatility arbitrage strategies; enable delta-hedging of complex derivatives; facilitate the pricing and hedging of volatility products like variance swaps. **Risk Management Applications**: Assessment of tail risk through probability density evolution; stress testing of derivative portfolios; calculation of Value-at-Risk measures; evaluation of model risk in option pricing; monitoring of volatility surface stability. **Related Concepts and Extensions**: Special case of Black-Scholes PDE when Ïƒ_LV is constant; generalized to stochastic volatility models (Heston Fokker-Planck equation with additional state variables); extended to LÃ©vy processes for jump-diffusion models; connects to Dupire's formula Ïƒ_LVÂ²(S,t) = (âˆ‚C/âˆ‚T)/(Â½SÂ²âˆ‚Â²C/âˆ‚KÂ²) for calibration; related to backward Kolmogorov equation (Feynman-Kac) for pricing PDEs; foundation for multi-factor interest rate models; extends to path-dependent volatility models. **Implementation Considerations**: Requires numerical solution via finite difference methods (Crank-Nicolson scheme for stability); Monte Carlo simulation for calibration to market option prices; spectral methods for periodic boundaries; adaptive mesh refinement for accuracy near boundaries; implicit-explicit schemes for stiff equations; parallel computing for high-dimensional extensions. **Calibration Challenges**: Ill-posed inverse problem in Dupire's equation; requires dense option price data across strikes and maturities; sensitivity to market data noise and liquidity; regularization techniques needed to ensure positive definite volatility; iterative optimization methods for parameter fitting. **Computational Challenges**: High computational cost for real-time applications; numerical stability issues near maturity; boundary condition specification at S=0 and large S; memory requirements for multi-dimensional grids; convergence acceleration techniques needed for practical implementation.
Key Rate Duration,KRD_k = -(1/P) âˆ‚P/âˆ‚y_k,Fixed Income,Sensitivity of bond price to change in specific point on yield curve. Allows for hedging non-parallel yield curve shifts.
Kolmogorov Forward Equation,âˆ‚p(x t|x_0 t_0)/âˆ‚t = -âˆ‚/âˆ‚x[Î¼(x|t)p] + Â½âˆ‚Â²/âˆ‚xÂ²[ÏƒÂ²(x|t)p],Stochastic Calculus,Forward Kolmogorov equation describing evolution of transition probability density for diffusion processes.
MBS Carry Return,Carry = (WAC - Servicing_Spread) - Cost_of_Funding,Fixed Income,Net carry return for mortgage-backed securities. Difference between weighted average coupon and funding costs.
MBS Interest Cash Flow,CF_t^{interest} = (B_{t-1} - SP_t/2) Ã— WAC_t/12,Fixed Income,Interest cash flow calculation for mortgage-backed securities. Based on beginning balance minus scheduled principal payments.
MBS Scheduled Principal,SP_t = MP_t - Interest_t,Fixed Income,Scheduled principal payment for mortgage-backed securities. Total mortgage payment minus interest portion.
Moment Matching Parameters,ÏƒÂ² = log(ğ”¼[(S_T^Basket)Â²]/(ğ”¼[S_T^Basket])Â²) and Î¼ = log(ğ”¼[S_T^Basket]) - ÏƒÂ²/2,Option Pricing,Parameter calculation for lognormal moment matching approximation. Matches first two moments of distribution.
Modified Duration,D_{mod} = D_{mac}/(1+y),Fixed Income,Modified duration measures price sensitivity to yield changes. Adjusts Macaulay duration for compounding frequency.
Negative Convexity Cost,Cost_{convexity} â‰ˆ 0.5 Ã— |C| Ã— Ïƒ_yÂ² Ã— WAM,Fixed Income,Estimated cost of negative convexity for mortgage-backed securities. Combines convexity magnitude yield volatility and weighted average maturity.
Nelson-Siegel Yield Curve Model,y(Ï„) = Î²_0 + Î²_1 (1-e^{-Ï„/Î»})/(Ï„/Î») + Î²_2 ((1-e^{-Ï„/Î»})/(Ï„/Î») - e^{-Ï„/Î»}),Fixed Income,Parametric yield curve model with level slope and curvature factors. Widely used for yield curve fitting and forecasting.
PSA Prepayment Model,CPR(t) = min(t/30 1) Ã— 6%,Fixed Income,Public Securities Association prepayment benchmark for mortgage-backed securities. Standard industry convention for prepayment modeling.
Rational Prepayment Model,R_t = (dV/dr)/(dV/dr_{refi}),Fixed Income,Prepayment rate as ratio of yield incentive to refinance incentive. Captures economic rationality of mortgage prepayment decisions.
TIPS Pricing,P^{TIPS}(t T) = P^{real}(t T) â‹… I_t,Fixed Income,Treasury Inflation-Protected Securities pricing formula. Real bond price multiplied by inflation index ratio.
Yield to Maturity,P_{mkt} = âˆ‘_{i=1}^n C e^{-y t_i} + F e^{-y t_n},Fixed Income,Internal rate of return calculation for bonds. Discount rate that equates present value of cash flows to market price.
Garman-Kohlhagen Model,C = S_0 e^{-r_f T} Î¦(d_1) - K e^{-r_d T} Î¦(d_2),Foreign Exchange,Black-Scholes extension for currency options. Incorporates both domestic and foreign interest rates for FX option pricing.
Jarrow-Yildirim Inflation Model,dI_t/I_t = (r_n(t) - r_r(t)) dt + Ïƒ_I dW_I,Foreign Exchange,Treats inflation index like foreign currency with nominal rate as domestic and real rate as foreign rate. Used for inflation derivatives pricing.
Power Reverse Dual Currency,V_{PRDC} = Notional Ã— max(âˆ_{i=1}^n (S_{t_i}/S_0)^{Î±_i} 0),Foreign Exchange,Structured FX product with power option features. Common in Japanese retail market with complex payoff structures.
CAPM (Capital Asset Pricing Model),R_i = R_f + Î²_i (R_m - R_f) + Îµ_i,Interest Rate Models,Capital Asset Pricing Model relating expected returns to systematic risk. Full model: R_i = ğ”¼[R_i] + Î²_i (R_M - ğ”¼[R_M]) + Îµ_i. Expected return relationship: ğ”¼[R_i] = R_f + Î²_i (ğ”¼[R_m] - R_f) where Î² measures market sensitivity.
Caplet Pricing (Black-76),C_{caplet} = P(0 T_i) (F(0 T_{i-1} T_i) Î¦(d_1) - K Î¦(d_2)),Interest Rate Models,Market standard model for pricing interest rate caplets. Uses forward rate and discount factor with Black-76 formula.
Heston Stochastic Volatility,dS_t = (r - q) S_t dt + âˆš{v_t} S_t dW_S^{(1)},Interest Rate Models,Heston model with stochastic volatility following square-root process. Captures volatility clustering and leverage effects.
Market Beta Decomposition,Î²_{iM} = âˆ‘_{j=1}^k Î²_{ij} Cov(F_j R_M)/Var(R_M),Interest Rate Models,Decomposition of traditional market beta in multi-factor context. Shows how factor loadings contribute to overall market beta.
Swaption Pricing (Black-76),C_{swaption} = P(0 T_e) (S_0 Î¦(d_1) - K Î¦(d_2)),Interest Rate Models,Standard market model for pricing European swaptions. Uses forward swap rate and annuity factor as numeraire.
Variance Swap Fair Strike,Ïƒ_{fair}Â² = (1/P(0 T)) âˆ«_0^T ğ”¼^â„š[Ïƒ_sÂ²] ds,Interest Rate Models,Fair strike for variance swap equals time-averaged expected variance under risk-neutral measure. Fundamental pricing relationship for volatility derivatives.
Volatility Swap Adjustment,K_{vol} â‰ˆ âˆš{K_{var}} - Var(âˆš{Realized Variance})/(2 K_{vol}^{3/2}),Interest Rate Models,Convexity adjustment for volatility swap strike due to Jensen's inequality. Fair volatility strike below square root of variance strike.
APT Risk Premium Decomposition,ğ”¼[R_i] - r_f = Î²_{iM}(ğ”¼[R_M] - r_f) + âˆ‘_{j=2}^k Î²_{ij} Î»_j + Î±_i^{APT},Interest Rate Models,Arbitrage Pricing Theory decomposition of expected returns into market and factor components plus alpha.
Bermudan Swaption Valuation,V_n = max(g_n ğ”¼[V_{n+1}|â„±_n]),Interest Rate Models,Backward induction for Bermudan swaption pricing. Optimal exercise decision at each exercise date maximizes immediate exercise value versus continuation value.
Black-Cox First Passage Model,Ï„ = inf{t â‰¥ 0: V_t â‰¤ K(t)},Credit Models,First passage time model for credit risk where default occurs when asset value hits time-dependent barrier. Extension of Merton model allowing early default.
Black-Litterman Expected Returns,ğ”¼[R] = [(Ï„Î£)^{-1} + P^T Î©^{-1} P]^{-1} [(Ï„Î£)^{-1} Î  + P^T Î©^{-1} Q],Interest Rate Models,Bayesian approach combining equilibrium returns with investor views. Produces stable expected return estimates for portfolio optimization.
CAPM Expected Return,ğ”¼[R_i] = R_f + Î²_i (ğ”¼[R_m] - R_f),Interest Rate Models,Capital Asset Pricing Model equilibrium relationship. Expected return equals risk-free rate plus beta times market risk premium.
Constant Elasticity of Variance,dS_t = Î¼ S_t dt + Ïƒ S_t^Î² dW_t,Interest Rate Models,Constant elasticity of variance model with volatility proportional to S^Î². Captures leverage effect when Î² < 1.
CSA Discounting (OIS),V(t) = ğ”¼^â„š[exp(-âˆ«_t^T c(u) du) Payoff],Credit Models,Post-crisis discounting using collateral rate c(u) instead of LIBOR. Reflects funding costs and credit risk mitigation through collateral.
Cap Valuation,Cap(t) = âˆ‘_{i=1}^n Caplet(t T_i),Interest Rate Models,Interest rate cap value equals sum of individual caplet values. Portfolio of options on successive forward rates.
Capital Asset Pricing Model,ğ”¼[R_i] - r_f = Î²_i (ğ”¼[R_m] - r_f),Interest Rate Models,Fundamental equilibrium model relating expected return to systematic risk. Beta measures sensitivity to market movements.
Caplet Price (Black),C = P(0 T_{i-1}) (F Î¦(d_1) - K Î¦(d_2)),Interest Rate Models,Individual caplet pricing using Black-76 model. P(0 T_{i-1}) is discount factor and F is forward rate.
Constant Maturity Swap,V_{CMS} = ğ”¼^â„š[âˆ«_t^T max(S_u - K 0) du],Interest Rate Models,Swap with floating leg based on constant maturity swap rate. Exposes investor to long-term interest rate movements.
Convexity Adjustment,C = (1/P) dÂ²P/dyÂ²,Interest Rate Models,Second-order price sensitivity to yield changes. Measures curvature of price-yield relationship for bonds and derivatives.
Convexity Adjustment (Futures),F_{fut} = F_{fwd} - Â½ Cov(âˆ«_t^T r_s ds r_T),Interest Rate Models,Adjustment from forward to futures price due to daily settlement. Covariance between interest rates and discount factors creates convexity difference.
Correlation Structure,Ï_{i j} = exp(-|T_i - T_j|/Î») Ã— [Î± + (1-Î±) exp(-min(T_i T_j)/Î»)],Interest Rate Models,Parametric correlation function for forward rates. Exponential decay with decorrelation parameter Î» and asymptotic level Î±.
Cross-Currency Basis Swap,V_{basis} = âˆ‘_{i=1}^n Î´_i (R_{dom} - R_{for} Ã— FX_{fwd}) P(0 T_i),Interest Rate Models,Valuation of cross-currency basis swap. Captures deviation from covered interest rate parity through basis spread.
Digital Caplet/Floorlet,V_{digital} = P(0 T_i) K Î¦(Â±d_2),Interest Rate Models,Binary option on interest rates paying fixed amount if rate exceeds strike. Used in structured interest rate products.
Discount Factor Construction,P(t T) = exp(-âˆ‘_{i=1}^n f_i Î”t_i),Interest Rate Models,Bootstrapping discount factors from piecewise constant forward rates. Fundamental yield curve construction technique.
Dispersion Trading,P&L âˆ Ïƒ_{idx}Â² - âˆ‘ w_iÂ² Ïƒ_iÂ²,Interest Rate Models,Trading strategy exploiting difference between index volatility and weighted sum of constituent volatilities. Captures correlation risk premium.
Drift Adjustment,Î¼_k(t) = Ïƒ_k(t) Ã— âˆ‘_{j=1}^k [Ï„_j F_j(t) Ïƒ_j(t) Ï_{k j}]/[1 + Ï„_j F_j(t)],Interest Rate Models,Drift adjustment for forward rates under different measures in LIBOR Market Model. Ensures arbitrage-free dynamics.
Expected Shortfall,CVaR_Î± = ğ”¼[L|L > VaR_Î±] = Î¼ + Ïƒ/(1-Î±) Ï†(z_Î±),Credit Models,Coherent risk measure representing expected loss beyond VaR threshold. More conservative than VaR for tail risk measurement.
Fama-French 3-Factor Model,R_i - R_f = Î± + Î²^{MKT}(R_m - R_f) + Î²^{SMB} SMB + Î²^{HML} HML,Interest Rate Models,Empirical asset pricing model extending CAPM with size and value factors. Explains cross-section of expected returns.
Floating Rate Note,V_{float}(t_i) = F,Interest Rate Models,Floating rate note value at reset date equals face value F. Coupon reset ensures bond trades near par between reset dates.
Floorlet Price (Black),P = P(0 T_{i-1}) (K Î¦(-d_2) - F Î¦(-d_1)),Interest Rate Models,Individual floorlet pricing using Black-76 model. Puts on forward interest rates with payoff at end of accrual period.
Forward Rate Dynamics,dr(t) = [âˆ‚f(0 t)/âˆ‚t + Î»f(0 t) + Î·(t)Â²/Î» (1-exp(-Î»t)) - Î»r(t)]dt + Î·(t)dW(t),Interest Rate Models,Short rate dynamics under exponential volatility structure in HJM framework. Markovian reduction of general HJM model.
Forward Swap Rate,S_{m n}(t) = (P(t T_m) - P(t T_n))/âˆ‘_{i=m+1}^n Ï„_i P(t T_i),Interest Rate Models,Par forward swap rate for tenor from T_m to T_n. Equalizes present value of fixed and floating legs at inception.
Forward Variance Model,d(Ïƒ_tÂ² Ã— t) = Ï‰_t dt,Interest Rate Models,Forward variance curve dynamics used in volatility derivatives pricing. Variance swap fair strike equals initial forward variance.
G2++ Model Dynamics,r_t = x_t + y_t + Ï†(t),Interest Rate Models,Two-factor Gaussian interest rate model with mean-reverting factors x_t and y_t plus deterministic shift Ï†(t) for exact calibration.
Global Floor and Cap,V_{global} = e^{-rT} max(min(âˆ_{i=1}^n R_i GlobalCap) GlobalFloor),Interest Rate Models,Global risk controls on structured products. Apply to total return across all periods rather than period-by-period.
HJM Drift Condition,Î¼(t T) = Ïƒ(t T) âˆ«_t^T Ïƒ(t u) du,Interest Rate Models,No-arbitrage drift condition in Heath-Jarrow-Morton framework. Forward rate drift completely determined by volatility structure.
Interest Rate Swap PV (Fixed),V_{fixed} = Ï„ âˆ‘_{i=1}^n R_{fixed} P(0 t_i),Interest Rate Models,Present value of fixed leg in interest rate swap. Sum of discounted fixed coupons weighted by day count fractions.
Interest Rate Swap Valuation,V_{swap}(t) = P(t T_0) - P(t T_n) - K âˆ‘_{i=1}^n Ï„_i P(t T_i),Interest Rate Models,General swap valuation formula. Difference between floating leg (PV of notional exchanges) and fixed leg (PV of fixed coupons).
KVA Capital Valuation,KVA = âˆ«_0^T h Ã— RC_t Ã— DF(t) dt,Interest Rate Models,Capital valuation adjustment for regulatory capital cost. Integrates cost of holding regulatory capital over trade lifetime.
KVA with Hurdle Rate,KVA = âˆ«_0^T h(t) Ã— ğ”¼[K(t)] dt,Interest Rate Models,Lifetime cost of holding regulatory capital K(t) at hurdle rate h(t). Reflects expensive equity funding for Basel III capital requirements.
LIBOR Market Model,dF_j(t) = Î¼_j(t) F_j(t) dt + Ïƒ_j(t) F_j(t) dW_j(t),Interest Rate Models,Market model for discrete forward LIBOR rates. Each forward rate follows lognormal dynamics with specific drift adjustments.
LMM Dynamics,dL_k(t)/L_k(t) = Î¼_k(t) dt + Ïƒ_k(t) dW_t,Interest Rate Models,Lognormal forward LIBOR model with time-dependent volatility. Standard market model for interest rate derivatives.
LIBOR-in-Arrears,V = N Ã— D(0 T) Ã— [L_0 + ÏƒÂ²L_0Â²T/(1+L_0 Ï„)],Interest Rate Models,Convexity adjustment for LIBOR-in-arrears swaps. Payment at period end rather than beginning creates correlation adjustment.
Location Basis (WTI-Brent),Basis = S_t^{WTI} - S_t^{Brent} - Transport,Interest Rate Models,Price differential between commodity locations. Reflects transportation costs and regional supply/demand imbalances.
MBS Key Rate Duration Hedging,Î”V = âˆ‘_{i=1}^K w_i Ã— D_i^{MBS} Ã— Î”r_i,Interest Rate Models,Hedging mortgage-backed securities using key rate durations. Decomposes yield curve risk into sensitivity to yield curve points.
MBS Total Return,TR = âˆ‘_{t=1}^T CF_t/P_0 - 1,Interest Rate Models,Total return calculation for mortgage-backed securities including all cash flows relative to initial price.
MBS Key Rate Duration,D_{key} = -(P_+ - P_-)/(2P_0 Ã— Î”r_{key}),Interest Rate Models,Effective duration measure for MBS at specific yield curve points. Captures non-parallel yield curve sensitivity.
Payer Swaption Valuation,ğ”¼^A[max(r_{T_S}(T_S T_E) - K 0)],Interest Rate Models,Risk-neutral expectation for payer swaption payoff. Option to enter swap paying fixed rate K and receiving floating.
Par Swap Rate Formula,r_{PAR} = âˆ‘_{i=1}^n [f_{LIBOR}(0 T_{i-1} T_i) + s] Ï„_i P_{OIS}(0 T_i)/âˆ‘_{i=1}^n Ï„_i P_{OIS}(0 T_i),Interest Rate Models,Par swap rate with LIBOR-OIS basis adjustment. Reflects post-crisis multi-curve framework for swap pricing.
Cross-Currency Funding Basis,FVA_{CCY} = âˆ‘_i (r_{USD}^{F i} - r_{USD}^{OIS i} - basis_i) Ã— exposure_i Ã— DF_i,Interest Rate Models,Funding valuation adjustment for currency mismatches. Captures additional cost from cross-currency basis spreads.
Zero-Beta Rate Estimation,Î»Ì‚_0 = âˆ‘_{i=1}^N (1/Î²Ì‚_i)(RÌ„_i - R_f)/âˆ‘_{i=1}^N (1/Î²Ì‚_iÂ²),Interest Rate Models,Estimation of zero-beta rate when market proxy is inefficient. Minimum-distance estimator accounting for proxy inefficiency.
Model Uncertainty Reserve,R_{model} = Î± Ã— Notional Ã— Ïƒ_{model},Interest Rate Models,Capital buffer for model risk uncertainty. Proportional to notional exposure and model volatility estimate.
Swaption Pricing (Normal Model),P_{swaption} = P(0 T_e) (K Î¦(-d_2) - S_0 Î¦(-d_1)),Interest Rate Models,Normal model for swaption pricing in low/negative rate environments. Assumes normal rather than lognormal distribution of swap rates.
OIS Valuation,V_{OIS} = âˆ‘_{i=1}^n (1/n âˆ‘_{j âˆˆ period i} r_{oj}) P(0 T_i),Interest Rate Models,Overnight Index Swap valuation using compounded overnight rates. Post-crisis benchmark for risk-free discounting.
Hull-White Bond Price,P(t T) = P(0 T)/P(0 t) exp(-Â½(V(t T) - V(0 T) + V(0 t)) - M_x(t T)x_t - M_y(t T)y_t),Interest Rate Models,Closed-form bond price solution for Hull-White extended Vasicek model. Time-dependent parameters allow exact fit to initial yield curve.
Prepayment Model Calibration,L(Î¸) = âˆ‘_{i=1}^K w_i Ã— (Prepayment_i^{model}(Î¸) - Prepayment_i^{observed})Â²,Interest Rate Models,Loss function for calibrating prepayment models to historical data. Weighted least-squares minimization for parameter estimation.
Refinancing Incentive Model,CPR_t^{refi} = Î± Ã— Î¦(Î² Ã— (r_t - WAC_t) + Î³ Ã— (WAC_t - r_t)_+ + Îµ_t),Interest Rate Models,Economic prepayment model capturing refinancing incentive and burnout effects. Links prepayment speeds to rate incentives.
Risk Parity Allocation,w_i âˆ‚Ïƒ_p/âˆ‚w_i = w_j âˆ‚Ïƒ_p/âˆ‚w_j = Ïƒ_p/N,Interest Rate Models,Portfolio construction allocating risk equally across assets rather than capital. Leverages low-volatility assets to achieve balance.
SABR-LMM Hybrid Model,dL_k = Î±_k L_k^Î² dW_L dÎ±_k = Î½ Î±_k dW_Î±,Interest Rate Models,Combined model capturing both yield curve dynamics (LMM) and volatility smile (SABR). Essential for exotic interest rate derivatives.
Schwartz One-Factor Model,d(ln S_t) = Îº(Î± - ln S_t) dt + Ïƒ dW_t,Interest Rate Models,Mean-reverting commodity price model. Captures supply-demand dynamics pushing prices toward long-run equilibrium level Î±.
Swap Pricing Formula,V_{payer} = âˆ‘_{i=1}^n Ï„_i P(0 T_i) (L_i - K),Interest Rate Models,Present value of interest rate swap cash flows. Net present value of difference between floating and fixed legs.
Par Swap Rate,R_{swap} = (1 - P(0 T))/âˆ‘_{i=1}^n Ï„_i P(0 T_i),Interest Rate Models,Par swap rate equating present values of fixed and floating legs. Market rate for zero-value swap at inception.
Swaption Pricing (Bachelier),V_{payer} = A(t)[(S(t) - K)N(d) + Ïƒâˆš{T}N'(d)],Interest Rate Models,Normal model for swaptions in low/negative rate environments. Assumes normal rather than lognormal distribution of swap rates.
Swap Valuation Post-Inception,V_t = NA Ã— (r_{FIX 0} - r_{FIX t}) Ã— âˆ‘_{i=1}^{n'} Ï„_i P(t T_i),Interest Rate Models,Swap value after inception equals notional times difference between contractual and market rates times annuity factor.
Exponential Volatility Structure,Ïƒ(t T) = Ïƒ_0 exp(-Î»(T-t)),Interest Rate Models,HJM volatility specification generating Hull-White model. Exponential decay captures higher short-term volatility.
Total Return Swap,TRS_{payer} = (S_T - S_0) + Dividends - (L + spread) dt,Interest Rate Models,Synthetic exposure to asset returns without owning underlying. Exchanges total return for floating rate plus spread.
Vasicek Short Rate Model,dr_t = a(b - r_t) dt + Ïƒ dW_t,Interest Rate Models,Mean-reverting Gaussian model for short-term interest rates. Ornstein-Uhlenbeck process with long-run mean b and speed a.
HJM Forward Rate Dynamics,df(t T) = Î±(t T)dt + Ïƒ(t T)dW_t^â„š,Interest Rate Models,General framework for modeling entire forward rate curve evolution. Drift condition ensures arbitrage-free dynamics.
Nelson-Siegel-Svensson Model,y(Ï„) = Î²_0 + Î²_1 (1-e^{-Î»_1 Ï„})/(Î»_1 Ï„) + Î²_2 ((1-e^{-Î»_1 Ï„})/(Î»_1 Ï„) - e^{-Î»_1 Ï„}) + Î²_3 ((1-e^{-Î»_2 Ï„})/(Î»_2 Ï„) - e^{-Î»_2 Ï„}),Interest Rate Models,Svensson extension of Nelson-Siegel model with additional curvature factor Î»â‚‚ for improved yield curve fitting flexibility. Related to basic Nelson-Siegel model with 3 parameters.
Hazard Rate Process,Î»_t = Î»(t X_t) where X_t is state vector,Credit Models,General specification for hazard rate process in credit models. Allows for time-varying and state-dependent default intensity.
Variance Swap Payoff,N_{var} Ã— (Realized Variance - K_{var}Â²),Interest Rate Models,Variance swap payoff based on difference between realized and strike variance. Provides pure exposure to volatility.
Realized Variance Calculation,Ïƒ_{realized}Â² = (252/N) âˆ‘_{i=1}^N [ln(S_{t_i}/S_{t_{i-1}})]Â²,Interest Rate Models,Standard calculation for realized variance from daily returns. Annualized using 252 trading days convention.
Year-on-Year Inflation Swap,Payoff = N Ã— (I_T/I_{T-1} - 1 - K),Interest Rate Models,Inflation swap exchanging fixed rate K for realized annual inflation rate. Path-dependent on inflation index movements.
Zero-Coupon Inflation Swap,Payoff = N Ã— (I_T/I_0 - (1 + K)^T),Interest Rate Models,Zero-coupon inflation swap payoff at maturity. Single payment based on cumulative inflation over entire term.
Neural Network Approximation,VÌ‚(S t;Î¸) â‰ˆ V(S t),Numerical Methods,Deep learning approximation for option pricing. Neural network trained to approximate complex pricing functions.
Crank-Nicolson Finite Difference,âˆ‚V/âˆ‚t + (r-q)S âˆ‚V/âˆ‚S + Â½ ÏƒÂ² SÂ² âˆ‚Â²V/âˆ‚SÂ² - rV = 0,Numerical Methods,Partial differential equation for option pricing solved using Crank-Nicolson scheme. Unconditionally stable finite difference method.
Binomial Tree Price (Complete),V_0 = exp(-rT) âˆ‘_{j=0}^n C(n j) p^j (1-p)^{n-j} Payoff(S_0 u^j d^{n-j}),Numerical Methods,Complete binomial tree pricing formula. Sum over all paths weighted by risk-neutral probabilities.
Cholesky Decomposition,Î£ = L Ã— L^T,Numerical Methods,Matrix decomposition for generating correlated random variables. Essential for Monte Carlo simulation of multiple assets.
Crank-Nicolson Scheme,-Î»/2 u_{i+1}^{n+1} + (1+Î»)u_i^{n+1} - Î»/2 u_{i-1}^{n+1} = Î»/2 u_{i+1}^n + (1-Î»)u_i^n + Î»/2 u_{i-1}^n,Numerical Methods,Second-order accurate implicit finite difference scheme. Unconditionally stable for parabolic PDEs in option pricing.
Density from Characteristic Function,f(x) = 1/(2Ï€) âˆ«_{-âˆ}^âˆ e^{-iux} Ï†(u) du,Numerical Methods,Fourier inversion for probability density function. Enables option pricing when characteristic function is known but density is not.
Importance Sampling,VÌ‚_{IS} = (1/N) âˆ‘_{i=1}^N h(X_i) f(X_i)/q(X_i),Numerical Methods,Variance reduction technique for Monte Carlo simulation. Uses different sampling distribution to improve efficiency.
Least-Squares Monte Carlo,V(t_i S_{t_i}) = max(exercise value ğ”¼^â„š[e^{-r(t_{i+1}-t_i)} V(t_{i+1} S_{t_{i+1}})|S_{t_i}]),Numerical Methods,Longstaff-Schwartz algorithm for American option pricing. Uses regression to estimate continuation values.
Longstaff-Schwartz Algorithm,V_j = max(Exercise_j e^{-rÎ”t} ğ”¼[V_{j+1}|S_j]),Numerical Methods,Backward induction algorithm for American options using least-squares regression to estimate continuation values.
Multi-Level Monte Carlo,ğ”¼_P[f] = âˆ‘_{l=0}^L (1/M_l) âˆ‘_{m=1}^{M_l} (Y_l^{(m)} - Y_{l-1}^{(m)}),Numerical Methods,Variance reduction technique using multiple discretization levels. Achieves optimal complexity for SDE simulation.
Sobol Sequence (Quasi-Monte Carlo),D_N^*(x_1 ... x_N) = O((log N)^s/N),Numerical Methods,Low-discrepancy sequence for quasi-Monte Carlo integration. Achieves nearly 1/N convergence rate compared to 1/âˆšN for random sampling.
Asian Options (Geometric Average),C_{geom} = e^{-r(T-t)} (G_t e^{Ì„Î¼(T-t)} Î¦(d_1) - K Î¦(d_2)),Option Pricing,Closed-form solution for geometric Asian options. Effective volatility reduced to Ïƒ/âˆš3 due to averaging effect.
Barrier Options (Down-and-Out Call),C_{DAO} = C_{BS} - (H/S_t)^{2Î»} C_{BS}(HÂ²/S_t K T r q Ïƒ),Option Pricing,Analytical formula for down-and-out barrier options using reflection principle. Î» = (r-q+ÏƒÂ²/2)/ÏƒÂ².
Basket Options (Moment Matching),ğ”¼[B_T] = âˆ‘ w_i F_i and Var(ln B_T) â‰ˆ (âˆ‘_{i j} w_i w_j F_i F_j Ï_{ij} Ïƒ_i Ïƒ_j T)/(âˆ‘ w_i F_i)Â²,Option Pricing,Moment matching approximation for basket options. Treats basket as single lognormal asset with matched moments.
Black-76 Formula (Futures Options),C(F_t K T r Ïƒ) = e^{-r(T-t)} [F_t Î¦(d_1) - K Î¦(d_2)],Option Pricing,Black's model for options on futures contracts. Standard for interest rate and commodity derivatives.
Black-Scholes Partial Differential Equation,âˆ‚V/âˆ‚t + Â½ ÏƒÂ² SÂ² âˆ‚Â²V/âˆ‚SÂ² + r S âˆ‚V/âˆ‚S - rV = 0,Option Pricing,Fundamental PDE governing European option prices under Black-Scholes assumptions. Must satisfy terminal payoff condition.
Black-Scholes-Merton Formula,C(S_t K T r q Ïƒ) = S_t e^{-q(T-t)} Î¦(d_1) - K e^{-r(T-t)} Î¦(d_2),Option Pricing,Nobel Prize-winning formula for European call options. Fundamental pricing relationship in quantitative finance.
CIR Conditional Density,r_T | r_t ~ Non-central Ï‡Â² with df = 4ÎºÎ¸/ÏƒÂ² and Î» = 4Îº r_t e^{-Îº(T-t)}/[ÏƒÂ²(1-e^{-Îº(T-t)})],Option Pricing,Conditional distribution for Cox-Ingersoll-Ross short rate model. Non-central chi-squared with parameters ensuring positivity.
Charm (Delta Decay),Charm = âˆ‚Â²V/âˆ‚tâˆ‚S = -âˆ‚Î”/âˆ‚t = -âˆ‚Î˜/âˆ‚S,Option Pricing,Third-order Greek measuring how delta changes over time. Important for delta hedging rebalancing frequency decisions.
Delta Sensitivity,Î”_C = âˆ‚C/âˆ‚S = e^{-q(T-t)} Î¦(d_1),Option Pricing,First-order price sensitivity to underlying asset price. Measures hedge ratio for options and ranges from 0 to 1 for calls.
Exchange Options (Margrabe),V(SÂ¹_t SÂ²_t T) = SÂ¹_t e^{-q_1(T-t)} Î¦(d_1) - SÂ²_t e^{-q_2(T-t)} Î¦(d_2),Option Pricing,Option to exchange one asset for another. Closed-form solution using ratio of asset prices as underlying variable.
Explicit Finite Difference Scheme,V_i^{j+1} = Î±_i V_{i-1}^j + Î²_i V_i^j + Î³_i V_{i+1}^j,Option Pricing,First-order explicit scheme for option pricing PDEs. Simple implementation but conditionally stable requiring small time steps.
G2++ Bond Price Formula,P(t T) = P(0 T)/P(0 t) exp(-Â½(V(t T) - V(0 T) + V(0 t)) - M_x(t T)x_t - M_y(t T)y_t),Option Pricing,Closed-form bond price solution for G2++ two-factor Gaussian model. Affine term structure with explicit formulas.
Gap Options,C_{gap} = S_t e^{-q(T-t)} Î¦(d_1) - K_2 e^{-r(T-t)} Î¦(d_2),Option Pricing,Options with trigger level K_1 different from strike K_2. Pays off only if underlying exceeds trigger and strike conditions.
Hull-White Bond Price,P(t T) = P(0 T)/P(0 t) exp(B(t T)f(0 t) - ÏƒÂ²B(t T)Â²(1-e^{-2Îºt})/(4Îº) - B(t T)r_t),Option Pricing,Bond price formula for Hull-White extended Vasicek model. Time-dependent parameters allow exact calibration to initial yield curve.
Lookback Options (Floating Strike),C_{floating} = S_t e^{-q(T-t)} Î¦(a_1) - m_t e^{-r(T-t)} Î¦(a_2) + additional terms,Option Pricing,Options with payoff based on minimum price achieved during option life. Path-dependent exotic with closed-form solutions.
Option on a Call (Compound),C_{compound} = S_t e^{-qT_2} M(a_1 b_1;âˆš{T_1/T_2}) - K_2 e^{-rT_2} M(a_2 b_2;âˆš{T_1/T_2}) - e^{-rT_1} K_1 Î¦(a_2),Option Pricing,Compound option to buy another option. Requires bivariate normal distribution M for valuation due to two exercise decisions.
Rainbow Options (Maximum of Two),C_{max} = SÂ¹_t e^{-q_1(T-t)} Î¦(d_{11}) + SÂ²_t e^{-q_2(T-t)} Î¦(d_{22}) - K e^{-r(T-t)} M(d_{11}-Ïƒ_1âˆš{T-t} d_{22}-Ïƒ_2âˆš{T-t}; Ï),Option Pricing,Option on maximum of two assets. Uses bivariate normal distribution to account for correlation between underlying assets.
Reset Date Valuation,P(t) = âˆ‘_{i=1}^n ğ”¼^â„š[L(T_{i-1} T_i) Î´_i e^{-âˆ«_t^{T_i} r_s ds}|â„±_t] + ğ”¼^â„š[e^{-âˆ«_t^{T_n} r_s ds}|â„±_t],Option Pricing,Floating rate note valuation at reset dates. Present value of future LIBOR payments plus principal repayment.
Rho Interest Rate Sensitivity,Ï_C = âˆ‚C/âˆ‚r = K(T-t) e^{-r(T-t)} Î¦(d_2),Option Pricing,Sensitivity of option price to changes in risk-free interest rate. Calls have positive rho puts have negative rho.
SABR Implied Volatility,Ïƒ_{BS}(K) = Î±/(FK)^{(1-Î²)/2} Ã— z/x(z) Ã— [1 + adjustment terms],Option Pricing,Market standard model for interest rate volatility smile. Four-parameter model capturing ATM volatility skew and smile.
Spread Options (Kirk Approximation),C â‰ˆ e^{-r(T-t)} (F_1 Î¦(d_1) - (F_2 + K) Î¦(d_2)),Option Pricing,Approximation for options on spread between two assets. Useful for crack spreads location spreads and similar instruments.
Theta Time Decay,Î˜_C = -âˆ‚C/âˆ‚t = -(S e^{-q(T-t)} Ïƒ Ï†(d_1))/(2âˆš{T-t}) + qS e^{-q(T-t)} Î¦(d_1) - rK e^{-r(T-t)} Î¦(d_2),Option Pricing,Time decay measuring how option value changes as expiration approaches. Always negative for European options.
Vanna Cross Sensitivity,Vanna = âˆ‚Â²V/âˆ‚Sâˆ‚Ïƒ = -d_1 Ï†(d_1)/Ïƒ,Option Pricing,Second-order Greek measuring sensitivity of delta to volatility changes. Important for volatility trading strategies.
Vasicek Bond Price,P(t T) = A(t T) e^{-B(t T) r_t},Option Pricing,Affine solution for Vasicek model bond prices. Closed-form expression with A and B functions of model parameters.
Vasicek Short Rate Distribution,r_T | r_t ~ ğ’©(r_t e^{-Îº(T-t)} + Î¸(1-e^{-Îº(T-t)}) ÏƒÂ²/(2Îº)(1-e^{-2Îº(T-t)})),Option Pricing,Conditional distribution of short rate in Vasicek model. Gaussian with mean-reverting drift and time-dependent variance.
Volga Second-Order Volatility,Volga = âˆ‚Â²V/âˆ‚ÏƒÂ² = S_t Ï†(d_1) d_1 d_2 âˆš{T-t},Option Pricing,Second-order volatility sensitivity measuring convexity of option price to volatility changes. Important for volatility gamma.
Binomial Tree Pricing,V_0 = e^{-rÎ”t} âˆ‘_{i=0}^n C(n i) p^i (1-p)^{n-i} max(S_0 u^i d^{n-i} - K 0),Option Pricing,Cox-Ross-Rubinstein binomial model for option pricing. Complete enumeration of all paths with risk-neutral probabilities.
Black-Scholes for Equity as Call,E_t = V_t Î¦(d_1) - D e^{-r(T-t)} Î¦(d_2),Credit Models,Merton model treating equity as call option on firm value. Strike equals debt face value D with maturity matching debt maturity.
Black-76 for Futures Options,C = e^{-r(T-t)} [F_t Î¦(d_1) - K Î¦(d_2)],Option Pricing,Black's model for European options on futures contracts. Standard for interest rate and commodity derivatives.
Binomial Tree Parameters,u = e^{Ïƒâˆš{Î”t}} d = e^{-Ïƒâˆš{Î”t}} p = (e^{(r-q)Î”t} - d)/(u - d),Option Pricing,Cox-Ross-Rubinstein binomial tree parameters. Up and down factors plus risk-neutral probability for option pricing.
Forward Rate Agreement,V_{FRA} = Î´ (F_{actual} - F_{contract}) P(0 T),Option Pricing,Valuation of Forward Rate Agreement based on difference between actual and contracted forward rates.
Milstein SDE Discretization,S_{t+Î”t} = S_t + (r-q)S_t Î”t + ÏƒS_t âˆš{Î”t}Z + Â½ ÏƒÂ²S_t (ZÂ²-1)Î”t,Option Pricing,Higher-order SDE discretization scheme. Includes additional term for improved convergence in Monte Carlo simulation.
Nelson-Siegel Extended,y(Ï„) = Î²_0 + Î²_1 (1-e^{-Î»_1 Ï„})/(Î»_1 Ï„) + Î²_2 ((1-e^{-Î»_1 Ï„})/(Î»_1 Ï„) - e^{-Î»_1 Ï„}) + Î²_3 ((1-e^{-Î»_2 Ï„})/(Î»_2 Ï„) - e^{-Î»_2 Ï„}),Option Pricing,Svensson extension of Nelson-Siegel model with additional curvature factor Î»â‚‚ for improved yield curve fitting flexibility. Related to basic Nelson-Siegel model with 3 parameters.
Trinomial Tree Pricing,V_0 = e^{-rÎ”t} [p_u âˆ‘ V_u + p_m âˆ‘ V_m + p_d âˆ‘ V_d],Option Pricing,Trinomial tree extension allowing for middle branch. Improved stability and convergence for certain option types.
t-Copula for Dependence,C(u_1 u_2; Ï Î½) = t_{Î½ Ï}(t_Î½^{-1}(u_1) t_Î½^{-1}(u_2)),Option Pricing,Copula function with Student-t marginal distributions. Captures tail dependence better than Gaussian copula for extreme events.
APT with Idiosyncratic Risk,ğ”¼[R_i] = r_f + âˆ‘_{j=1}^k Î²_{ij} Î»_j + Î¸_i Ïƒ_{Îµ i},Option Pricing,Extended APT incorporating idiosyncratic risk premium. Allows for pricing of non-systematic risk components.
Effective Duration Calculation,D_{Eff} = -(1/P) [P(y+Î”y) - P(y-Î”y)]/(2Î”y),Option Pricing,Numerical duration calculation for bonds with embedded options. Captures effective interest rate sensitivity.
Hull-White Extended Vasicek,dr_t = (Î¸(t) - Îº r_t) dt + Ïƒ dW_t^â„š,Option Pricing,Time-dependent extension of Vasicek model allowing exact calibration to initial yield curve through Î¸(t) function.
OIS Swap Valuation,V_{OIS} = âˆ‘_{i=1}^n (1/n âˆ‘_{j âˆˆ period i} r_{oj}) P(0 T_i) - âˆ‘_{i=1}^n R_{fixed} Î´_i P(0 T_i),Option Pricing,Overnight Index Swap valuation using compounded overnight rates versus fixed leg payments.
VIX Index Calculation,VIXÂ² = (2/T) âˆ‘_i (Î”K_i/K_iÂ²) e^{rT} Q(K_i) - (1/T)(F/K_0 - 1)Â²,Option Pricing,CBOE Volatility Index calculation from SPX options. Model-free estimate of expected 30-day volatility.
Key Rate Duration Numerical,âˆ‚P/âˆ‚y_{t_i} â‰ˆ -[P(y_{t_i}+Î”) - P(y_{t_i}-Î”)]/(2Î”) Ã— (1/P),Option Pricing,Numerical calculation of key rate duration measuring sensitivity to specific yield curve points.
American Option Monte Carlo,V_j = max(Exercise_j e^{-rÎ”t} ğ”¼[V_{j+1}|S_j]),Option Pricing,Least-squares Monte Carlo for American options. Regression-based estimation of continuation values for optimal exercise.
Theta Time Decay Calculation,Î˜_{call} = -(S_t Ï†(d_1) Ïƒ)/(2âˆš{T-t}) - rK e^{-r(T-t)} Î¦(d_2),Option Pricing,Time decay for European call options. Measures rate of value loss as expiration approaches.
Heath-Jarrow-Morton Framework,df(t T) = Î¼(t T)dt + Ïƒ(t T)dW_t^â„š,Option Pricing,General framework for arbitrage-free modeling of entire forward rate curve evolution.
Rho Interest Rate Sensitivity,Ï_{call} = âˆ‚V/âˆ‚r = K(T-t)e^{-r(T-t)} Î¦(d_2),Option Pricing,Sensitivity of option price to risk-free rate changes. Positive for calls negative for puts due to present value effects.
ADI Finite Difference Method,(1 - Î”t/2 A_x) u^* = (1 + Î”t/2 A_y) u^n,Option Pricing,Alternating Direction Implicit method for multi-dimensional PDEs. Efficient for options with multiple state variables.
ARIMA Time Series Model,(1 - âˆ‘_{i=1}^p Ï†_i L^i)(1 - L)^d X_t = (1 + âˆ‘_{j=1}^q Î¸_j L^j) Îµ_t,Option Pricing,Autoregressive Integrated Moving Average model for time series forecasting. Standard tool for statistical arbitrage.
LIBOR Market Model Advanced,dL_i(t) = Î¼_i(t)L_i(t)dt + Ïƒ_i(t)L_i(t)dW_i(t),Option Pricing,Multi-factor model for forward LIBOR rates with correlation structure. Captures realistic co-movement across yield curve.
Rough Heston Affine Structure,ğ”¼[exp(uX_T + vV_T)|â„±_t] = exp(Ï•(T-t u v) + Ïˆ(T-t u v)V_t + âˆ«_t^T Ï‡(T-s u v)Z_s ds),Option Pricing,Characteristic function for rough Heston model with fractional volatility dynamics. Preserves affine structure despite non-Markovian properties.
